id,color,object,prompt
1,Pink,boxing glove,A photo of a Pink boxing glove.
2,Pink,clock,A clock that is entirely Pink.
3,Pink,vehicle,A Pink colored vehicle.
4,Pink,baseball bat,The baseball bat is Pink.
5,Pink,sports ball,The sports ball is Pink.
6,Pink,umbrella,A single Pink umbrella.
7,Pink,chair,The chair is Pink.
8,Pink,couch,A Pink colored couch.
9,Pink,parrot,A Pink colored parrot.
10,Pink,banana,A banana rendered in Pink color.
11,Pink,wardrobe,An image of a Pink wardrobe.
12,Pink,bus,A Pink bus.
13,Pink,iron,A realistic iron in Pink.
14,Pink,sweatshirt,"A sweatshirt, and it's Pink."
15,Pink,suitcase,A suitcase in a Pink color.
16,Pink,sponge,The sponge is Pink.
17,Pink,skateboard,A single Pink skateboard.
18,Pink,oven,The oven is Pink.
19,Pink,bicycle,A bicycle in a Pink color.
20,Pink,ruler,An image of a Pink ruler.
21,Pink,pants,A pants with a Pink color.
22,Pink,sports car,A sports car rendered in Pink color.
23,Pink,remote,A Pink colored remote.
24,Pink,mango,A mango rendered in Pink color.
25,Pink,papaya,A papaya that is entirely Pink.
26,Pink,mug,A realistic mug in Pink.
27,Pink,candle,The candle is Pink.
28,Pink,fan,A Pink fan.
29,Pink,football helmet,A football helmet with a Pink color.
30,Pink,jeans,A jeans that is entirely Pink.
31,Pink,crocodile,An image of a Pink crocodile.
32,Pink,cow,The cow is Pink.
33,Pink,guava,A guava that is entirely Pink.
34,Pink,snowboard,The snowboard is Pink.
35,Pink,apple,A single Pink apple.
36,Red,baseball bat,A baseball bat that is entirely Red.
37,Red,desk,A desk with a Red color.
38,Red,boxing glove,"A boxing glove, and it's Red."
39,Red,taxi,A single Red taxi.
40,Red,bear,A bear with a Red color.
41,Red,ruler,"A ruler, and it's Red."
42,Red,sports car,A photo of a Red sports car.
43,Red,suitcase,An image of a Red suitcase.
44,Red,fan,A photo of a Red fan.
45,Red,apple,A apple that is entirely Red.
46,Red,snowboard,A realistic snowboard in Red.
47,Red,parrot,A parrot in a Red color.
48,Red,sports ball,A sports ball in a Red color.
49,Red,jeans,An image of a Red jeans.
50,Red,sponge,A realistic sponge in Red.
51,Red,tie,A tie rendered in Red color.
52,Red,chair,A single Red chair.
53,Red,remote,A remote rendered in Red color.
54,Red,football helmet,A single Red football helmet.
55,Red,socks,A Red colored socks.
56,Red,clock,A clock that is entirely Red.
57,Red,minivan,A photo of a Red minivan.
58,Red,crocodile,A crocodile in a Red color.
59,Red,vehicle,"A vehicle, and it's Red."
60,Red,guava,The guava is Red.
61,Red,wardrobe,A Red wardrobe.
62,Red,iron,The iron is Red.
63,Red,candle,A photo of a Red candle.
64,Red,mug,A mug with a Red color.
65,Red,bus,A photo of a Red bus.
66,Red,couch,A couch with a Red color.
67,Red,umbrella,A single Red umbrella.
68,Red,elephant,A elephant rendered in Red color.
69,Red,cow,The cow is Red.
70,Red,banana,A single Red banana.
71,Yellowish pink,mango,A Yellowish pink mango.
72,Yellowish pink,pants,A pants rendered in Yellowish pink color.
73,Yellowish pink,desk,A Yellowish pink colored desk.
74,Yellowish pink,duck,"A duck, and it's Yellowish pink."
75,Yellowish pink,skateboard,A Yellowish pink skateboard.
76,Yellowish pink,jeans,The jeans is Yellowish pink.
77,Yellowish pink,bicycle,A Yellowish pink colored bicycle.
78,Yellowish pink,clock,An image of a Yellowish pink clock.
79,Yellowish pink,parrot,A parrot that is entirely Yellowish pink.
80,Yellowish pink,baseball bat,A Yellowish pink baseball bat.
81,Yellowish pink,minivan,A minivan that is entirely Yellowish pink.
82,Yellowish pink,sponge,A sponge rendered in Yellowish pink color.
83,Yellowish pink,microwave,The microwave is Yellowish pink.
84,Yellowish pink,wardrobe,The wardrobe is Yellowish pink.
85,Yellowish pink,bear,A realistic bear in Yellowish pink.
86,Yellowish pink,umbrella,"A umbrella, and it's Yellowish pink."
87,Yellowish pink,football helmet,The football helmet is Yellowish pink.
88,Yellowish pink,taxi,A taxi in a Yellowish pink color.
89,Yellowish pink,teapot,A photo of a Yellowish pink teapot.
90,Yellowish pink,chair,A photo of a Yellowish pink chair.
91,Yellowish pink,snowboard,A snowboard with a Yellowish pink color.
92,Yellowish pink,fan,"A fan, and it's Yellowish pink."
93,Yellowish pink,banana,A banana in a Yellowish pink color.
94,Yellowish pink,guava,A photo of a Yellowish pink guava.
95,Yellowish pink,orange,An image of a Yellowish pink orange.
96,Yellowish pink,remote,A remote in a Yellowish pink color.
97,Yellowish pink,elephant,A elephant rendered in Yellowish pink color.
98,Yellowish pink,sports car,A single Yellowish pink sports car.
99,Yellowish pink,couch,A couch that is entirely Yellowish pink.
100,Yellowish pink,apple,A apple in a Yellowish pink color.
101,Yellowish pink,cow,A realistic cow in Yellowish pink.
102,Yellowish pink,tie,A realistic tie in Yellowish pink.
103,Yellowish pink,bus,A bus that is entirely Yellowish pink.
104,Yellowish pink,papaya,A realistic papaya in Yellowish pink.
105,Yellowish pink,candle,An image of a Yellowish pink candle.
106,Reddish orange,guava,A guava that is entirely Reddish orange.
107,Reddish orange,ruler,"A ruler, and it's Reddish orange."
108,Reddish orange,snowboard,A single Reddish orange snowboard.
109,Reddish orange,taxi,A taxi that is entirely Reddish orange.
110,Reddish orange,teapot,The teapot is Reddish orange.
111,Reddish orange,duck,The duck is Reddish orange.
112,Reddish orange,iron,A iron with a Reddish orange color.
113,Reddish orange,clock,A single Reddish orange clock.
114,Reddish orange,sports ball,A Reddish orange colored sports ball.
115,Reddish orange,umbrella,A single Reddish orange umbrella.
116,Reddish orange,apple,A single Reddish orange apple.
117,Reddish orange,minivan,"A minivan, and it's Reddish orange."
118,Reddish orange,vehicle,A realistic vehicle in Reddish orange.
119,Reddish orange,sweatshirt,A Reddish orange sweatshirt.
120,Reddish orange,crocodile,A crocodile with a Reddish orange color.
121,Reddish orange,bicycle,A bicycle with a Reddish orange color.
122,Reddish orange,bus,A bus with a Reddish orange color.
123,Reddish orange,sports car,The sports car is Reddish orange.
124,Reddish orange,remote,A Reddish orange remote.
125,Reddish orange,boxing glove,A single Reddish orange boxing glove.
126,Reddish orange,pants,A realistic pants in Reddish orange.
127,Reddish orange,desk,A Reddish orange colored desk.
128,Reddish orange,papaya,The papaya is Reddish orange.
129,Reddish orange,bear,A bear that is entirely Reddish orange.
130,Reddish orange,mango,A mango that is entirely Reddish orange.
131,Reddish orange,skateboard,A skateboard that is entirely Reddish orange.
132,Reddish orange,fan,A fan in a Reddish orange color.
133,Reddish orange,chair,"A chair, and it's Reddish orange."
134,Reddish orange,socks,A photo of a Reddish orange socks.
135,Reddish orange,couch,A single Reddish orange couch.
136,Reddish orange,jeans,A photo of a Reddish orange jeans.
137,Reddish orange,cow,An image of a Reddish orange cow.
138,Reddish orange,elephant,"A elephant, and it's Reddish orange."
139,Reddish orange,suitcase,A suitcase that is entirely Reddish orange.
140,Reddish orange,oven,The oven is Reddish orange.
141,Reddish brown,teapot,A Reddish brown teapot.
142,Reddish brown,jeans,A realistic jeans in Reddish brown.
143,Reddish brown,couch,A Reddish brown colored couch.
144,Reddish brown,orange,A Reddish brown orange.
145,Reddish brown,snowboard,A Reddish brown snowboard.
146,Reddish brown,parrot,A parrot rendered in Reddish brown color.
147,Reddish brown,bicycle,"A bicycle, and it's Reddish brown."
148,Reddish brown,banana,A banana in a Reddish brown color.
149,Reddish brown,sports ball,A sports ball in a Reddish brown color.
150,Reddish brown,bear,A photo of a Reddish brown bear.
151,Reddish brown,papaya,A Reddish brown papaya.
152,Reddish brown,mug,A mug in a Reddish brown color.
153,Reddish brown,candle,The candle is Reddish brown.
154,Reddish brown,suitcase,A photo of a Reddish brown suitcase.
155,Reddish brown,guava,The guava is Reddish brown.
156,Reddish brown,fan,A fan rendered in Reddish brown color.
157,Reddish brown,vehicle,The vehicle is Reddish brown.
158,Reddish brown,pants,A pants with a Reddish brown color.
159,Reddish brown,tie,A tie that is entirely Reddish brown.
160,Reddish brown,football helmet,A single Reddish brown football helmet.
161,Reddish brown,wardrobe,The wardrobe is Reddish brown.
162,Reddish brown,chair,A chair rendered in Reddish brown color.
163,Reddish brown,umbrella,A umbrella that is entirely Reddish brown.
164,Reddish brown,elephant,A elephant rendered in Reddish brown color.
165,Reddish brown,crocodile,A crocodile rendered in Reddish brown color.
166,Reddish brown,baseball bat,A Reddish brown baseball bat.
167,Reddish brown,socks,A socks rendered in Reddish brown color.
168,Reddish brown,apple,The apple is Reddish brown.
169,Reddish brown,iron,A single Reddish brown iron.
170,Reddish brown,sports car,A sports car with a Reddish brown color.
171,Reddish brown,remote,A remote rendered in Reddish brown color.
172,Reddish brown,sponge,A sponge rendered in Reddish brown color.
173,Reddish brown,skateboard,A skateboard in a Reddish brown color.
174,Reddish brown,cow,A Reddish brown colored cow.
175,Reddish brown,mango,An image of a Reddish brown mango.
176,Orange,suitcase,A suitcase with a Orange color.
177,Orange,ruler,The ruler is Orange.
178,Orange,remote,A photo of a Orange remote.
179,Orange,sports ball,An image of a Orange sports ball.
180,Orange,skateboard,The skateboard is Orange.
181,Orange,guava,The guava is Orange.
182,Orange,chair,A realistic chair in Orange.
183,Orange,oven,A oven in a Orange color.
184,Orange,desk,A photo of a Orange desk.
185,Orange,iron,An image of a Orange iron.
186,Orange,apple,An image of a Orange apple.
187,Orange,bicycle,A bicycle rendered in Orange color.
188,Orange,socks,A socks that is entirely Orange.
189,Orange,couch,A realistic couch in Orange.
190,Orange,jeans,A Orange colored jeans.
191,Orange,baseball bat,A baseball bat that is entirely Orange.
192,Orange,crocodile,A crocodile with a Orange color.
193,Orange,snowboard,A snowboard with a Orange color.
194,Orange,football helmet,An image of a Orange football helmet.
195,Orange,mug,A mug in a Orange color.
196,Orange,cow,"A cow, and it's Orange."
197,Orange,bus,An image of a Orange bus.
198,Orange,clock,A Orange clock.
199,Orange,boxing glove,The boxing glove is Orange.
200,Orange,elephant,A elephant with a Orange color.
201,Orange,banana,A single Orange banana.
202,Orange,umbrella,An image of a Orange umbrella.
203,Orange,candle,A Orange candle.
204,Orange,minivan,A Orange minivan.
205,Orange,teapot,A Orange colored teapot.
206,Orange,parrot,A photo of a Orange parrot.
207,Orange,bear,A bear with a Orange color.
208,Orange,fan,An image of a Orange fan.
209,Orange,wardrobe,A photo of a Orange wardrobe.
210,Orange,papaya,A realistic papaya in Orange.
211,Brown,teapot,A single Brown teapot.
212,Brown,jeans,A Brown jeans.
213,Brown,wardrobe,A photo of a Brown wardrobe.
214,Brown,sponge,A realistic sponge in Brown.
215,Brown,bicycle,A Brown colored bicycle.
216,Brown,clock,A single Brown clock.
217,Brown,apple,A apple with a Brown color.
218,Brown,elephant,A realistic elephant in Brown.
219,Brown,parrot,A parrot that is entirely Brown.
220,Brown,bus,An image of a Brown bus.
221,Brown,taxi,A photo of a Brown taxi.
222,Brown,pants,A realistic pants in Brown.
223,Brown,iron,The iron is Brown.
224,Brown,chair,A single Brown chair.
225,Brown,sweatshirt,A Brown sweatshirt.
226,Brown,socks,"A socks, and it's Brown."
227,Brown,cow,A cow that is entirely Brown.
228,Brown,fan,A fan that is entirely Brown.
229,Brown,guava,"A guava, and it's Brown."
230,Brown,vehicle,A Brown colored vehicle.
231,Brown,desk,An image of a Brown desk.
232,Brown,couch,A couch that is entirely Brown.
233,Brown,minivan,A minivan that is entirely Brown.
234,Brown,boxing glove,A Brown boxing glove.
235,Brown,ruler,A ruler with a Brown color.
236,Brown,orange,A orange that is entirely Brown.
237,Brown,duck,A single Brown duck.
238,Brown,baseball bat,A Brown colored baseball bat.
239,Brown,suitcase,An image of a Brown suitcase.
240,Brown,football helmet,The football helmet is Brown.
241,Brown,sports car,An image of a Brown sports car.
242,Brown,microwave,A Brown colored microwave.
243,Brown,mug,A mug with a Brown color.
244,Brown,tie,A tie in a Brown color.
245,Brown,umbrella,A single Brown umbrella.
246,Orange yellow,iron,A Orange yellow colored iron.
247,Orange yellow,parrot,A parrot with a Orange yellow color.
248,Orange yellow,minivan,The minivan is Orange yellow.
249,Orange yellow,vehicle,A realistic vehicle in Orange yellow.
250,Orange yellow,clock,An image of a Orange yellow clock.
251,Orange yellow,skateboard,A skateboard in a Orange yellow color.
252,Orange yellow,cow,An image of a Orange yellow cow.
253,Orange yellow,socks,A socks with a Orange yellow color.
254,Orange yellow,boxing glove,A single Orange yellow boxing glove.
255,Orange yellow,bus,A Orange yellow colored bus.
256,Orange yellow,couch,A single Orange yellow couch.
257,Orange yellow,wardrobe,A realistic wardrobe in Orange yellow.
258,Orange yellow,sports car,An image of a Orange yellow sports car.
259,Orange yellow,remote,A remote in a Orange yellow color.
260,Orange yellow,sponge,A photo of a Orange yellow sponge.
261,Orange yellow,oven,A oven that is entirely Orange yellow.
262,Orange yellow,pants,A single Orange yellow pants.
263,Orange yellow,orange,A orange with a Orange yellow color.
264,Orange yellow,tie,A single Orange yellow tie.
265,Orange yellow,microwave,A microwave with a Orange yellow color.
266,Orange yellow,jeans,A realistic jeans in Orange yellow.
267,Orange yellow,chair,A photo of a Orange yellow chair.
268,Orange yellow,ruler,A ruler rendered in Orange yellow color.
269,Orange yellow,duck,A duck rendered in Orange yellow color.
270,Orange yellow,suitcase,An image of a Orange yellow suitcase.
271,Orange yellow,bicycle,A single Orange yellow bicycle.
272,Orange yellow,desk,A desk in a Orange yellow color.
273,Orange yellow,baseball bat,A Orange yellow baseball bat.
274,Orange yellow,guava,An image of a Orange yellow guava.
275,Orange yellow,football helmet,An image of a Orange yellow football helmet.
276,Orange yellow,fan,A fan that is entirely Orange yellow.
277,Orange yellow,taxi,A single Orange yellow taxi.
278,Orange yellow,bear,A bear rendered in Orange yellow color.
279,Orange yellow,banana,A banana rendered in Orange yellow color.
280,Orange yellow,elephant,A elephant with a Orange yellow color.
281,Yellowish brown,remote,A realistic remote in Yellowish brown.
282,Yellowish brown,desk,A Yellowish brown desk.
283,Yellowish brown,teapot,The teapot is Yellowish brown.
284,Yellowish brown,iron,A single Yellowish brown iron.
285,Yellowish brown,suitcase,A suitcase that is entirely Yellowish brown.
286,Yellowish brown,crocodile,A photo of a Yellowish brown crocodile.
287,Yellowish brown,candle,A realistic candle in Yellowish brown.
288,Yellowish brown,bear,A bear in a Yellowish brown color.
289,Yellowish brown,banana,"A banana, and it's Yellowish brown."
290,Yellowish brown,microwave,A Yellowish brown microwave.
291,Yellowish brown,boxing glove,A boxing glove in a Yellowish brown color.
292,Yellowish brown,minivan,A minivan that is entirely Yellowish brown.
293,Yellowish brown,socks,The socks is Yellowish brown.
294,Yellowish brown,sports ball,"A sports ball, and it's Yellowish brown."
295,Yellowish brown,oven,A photo of a Yellowish brown oven.
296,Yellowish brown,clock,"A clock, and it's Yellowish brown."
297,Yellowish brown,guava,A guava with a Yellowish brown color.
298,Yellowish brown,couch,A couch in a Yellowish brown color.
299,Yellowish brown,apple,A apple in a Yellowish brown color.
300,Yellowish brown,bicycle,A bicycle rendered in Yellowish brown color.
301,Yellowish brown,vehicle,A Yellowish brown colored vehicle.
302,Yellowish brown,football helmet,"A football helmet, and it's Yellowish brown."
303,Yellowish brown,jeans,A jeans rendered in Yellowish brown color.
304,Yellowish brown,mug,A realistic mug in Yellowish brown.
305,Yellowish brown,bus,A bus in a Yellowish brown color.
306,Yellowish brown,umbrella,A single Yellowish brown umbrella.
307,Yellowish brown,snowboard,A snowboard in a Yellowish brown color.
308,Yellowish brown,sweatshirt,"A sweatshirt, and it's Yellowish brown."
309,Yellowish brown,ruler,A photo of a Yellowish brown ruler.
310,Yellowish brown,tie,A realistic tie in Yellowish brown.
311,Yellowish brown,taxi,"A taxi, and it's Yellowish brown."
312,Yellowish brown,baseball bat,"A baseball bat, and it's Yellowish brown."
313,Yellowish brown,orange,An image of a Yellowish brown orange.
314,Yellowish brown,parrot,A parrot that is entirely Yellowish brown.
315,Yellowish brown,pants,A pants with a Yellowish brown color.
316,Yellow,baseball bat,A realistic baseball bat in Yellow.
317,Yellow,duck,A Yellow duck.
318,Yellow,mug,A mug rendered in Yellow color.
319,Yellow,boxing glove,A single Yellow boxing glove.
320,Yellow,sports ball,"A sports ball, and it's Yellow."
321,Yellow,fan,A Yellow fan.
322,Yellow,teapot,A Yellow colored teapot.
323,Yellow,apple,An image of a Yellow apple.
324,Yellow,microwave,A single Yellow microwave.
325,Yellow,snowboard,A single Yellow snowboard.
326,Yellow,ruler,A ruler in a Yellow color.
327,Yellow,minivan,A realistic minivan in Yellow.
328,Yellow,remote,A realistic remote in Yellow.
329,Yellow,banana,A banana in a Yellow color.
330,Yellow,chair,A chair rendered in Yellow color.
331,Yellow,pants,A pants that is entirely Yellow.
332,Yellow,clock,"A clock, and it's Yellow."
333,Yellow,tie,A tie that is entirely Yellow.
334,Yellow,sports car,An image of a Yellow sports car.
335,Yellow,candle,A single Yellow candle.
336,Yellow,wardrobe,"A wardrobe, and it's Yellow."
337,Yellow,couch,A Yellow couch.
338,Yellow,bus,A single Yellow bus.
339,Yellow,suitcase,A Yellow colored suitcase.
340,Yellow,guava,A guava with a Yellow color.
341,Yellow,bear,A bear with a Yellow color.
342,Yellow,jeans,A single Yellow jeans.
343,Yellow,umbrella,A realistic umbrella in Yellow.
344,Yellow,parrot,A photo of a Yellow parrot.
345,Yellow,vehicle,"A vehicle, and it's Yellow."
346,Yellow,mango,A photo of a Yellow mango.
347,Yellow,oven,A oven rendered in Yellow color.
348,Yellow,sweatshirt,A sweatshirt in a Yellow color.
349,Yellow,socks,A Yellow socks.
350,Yellow,elephant,A single Yellow elephant.
351,Olive brown,socks,A socks that is entirely Olive brown.
352,Olive brown,sweatshirt,A sweatshirt that is entirely Olive brown.
353,Olive brown,ruler,A Olive brown ruler.
354,Olive brown,vehicle,A vehicle rendered in Olive brown color.
355,Olive brown,banana,A photo of a Olive brown banana.
356,Olive brown,wardrobe,A wardrobe that is entirely Olive brown.
357,Olive brown,chair,A photo of a Olive brown chair.
358,Olive brown,desk,"A desk, and it's Olive brown."
359,Olive brown,cow,A cow with a Olive brown color.
360,Olive brown,orange,The orange is Olive brown.
361,Olive brown,skateboard,A skateboard rendered in Olive brown color.
362,Olive brown,mango,A mango that is entirely Olive brown.
363,Olive brown,remote,"A remote, and it's Olive brown."
364,Olive brown,suitcase,A realistic suitcase in Olive brown.
365,Olive brown,pants,An image of a Olive brown pants.
366,Olive brown,bear,A Olive brown colored bear.
367,Olive brown,candle,A photo of a Olive brown candle.
368,Olive brown,parrot,A parrot rendered in Olive brown color.
369,Olive brown,tie,A tie rendered in Olive brown color.
370,Olive brown,football helmet,A realistic football helmet in Olive brown.
371,Olive brown,teapot,A realistic teapot in Olive brown.
372,Olive brown,crocodile,The crocodile is Olive brown.
373,Olive brown,papaya,A photo of a Olive brown papaya.
374,Olive brown,bus,An image of a Olive brown bus.
375,Olive brown,sports ball,The sports ball is Olive brown.
376,Olive brown,bicycle,A bicycle rendered in Olive brown color.
377,Olive brown,baseball bat,A Olive brown baseball bat.
378,Olive brown,iron,An image of a Olive brown iron.
379,Olive brown,fan,A fan rendered in Olive brown color.
380,Olive brown,clock,A clock with a Olive brown color.
381,Olive brown,sports car,A single Olive brown sports car.
382,Olive brown,boxing glove,A single Olive brown boxing glove.
383,Olive brown,mug,A realistic mug in Olive brown.
384,Olive brown,duck,A duck that is entirely Olive brown.
385,Olive brown,umbrella,The umbrella is Olive brown.
386,Greenish yellow,socks,"A socks, and it's Greenish yellow."
387,Greenish yellow,sponge,A single Greenish yellow sponge.
388,Greenish yellow,boxing glove,A realistic boxing glove in Greenish yellow.
389,Greenish yellow,sports ball,A sports ball rendered in Greenish yellow color.
390,Greenish yellow,couch,An image of a Greenish yellow couch.
391,Greenish yellow,oven,A Greenish yellow colored oven.
392,Greenish yellow,pants,A pants that is entirely Greenish yellow.
393,Greenish yellow,clock,The clock is Greenish yellow.
394,Greenish yellow,sweatshirt,An image of a Greenish yellow sweatshirt.
395,Greenish yellow,bus,"A bus, and it's Greenish yellow."
396,Greenish yellow,sports car,A sports car that is entirely Greenish yellow.
397,Greenish yellow,parrot,"A parrot, and it's Greenish yellow."
398,Greenish yellow,wardrobe,A wardrobe rendered in Greenish yellow color.
399,Greenish yellow,taxi,A taxi rendered in Greenish yellow color.
400,Greenish yellow,apple,A apple with a Greenish yellow color.
401,Greenish yellow,skateboard,A single Greenish yellow skateboard.
402,Greenish yellow,remote,A Greenish yellow colored remote.
403,Greenish yellow,bear,A Greenish yellow bear.
404,Greenish yellow,bicycle,"A bicycle, and it's Greenish yellow."
405,Greenish yellow,suitcase,A Greenish yellow colored suitcase.
406,Greenish yellow,ruler,A photo of a Greenish yellow ruler.
407,Greenish yellow,orange,"A orange, and it's Greenish yellow."
408,Greenish yellow,papaya,A papaya that is entirely Greenish yellow.
409,Greenish yellow,cow,A Greenish yellow colored cow.
410,Greenish yellow,desk,An image of a Greenish yellow desk.
411,Greenish yellow,umbrella,A Greenish yellow colored umbrella.
412,Greenish yellow,mug,An image of a Greenish yellow mug.
413,Greenish yellow,crocodile,A crocodile rendered in Greenish yellow color.
414,Greenish yellow,banana,A realistic banana in Greenish yellow.
415,Greenish yellow,candle,An image of a Greenish yellow candle.
416,Greenish yellow,chair,A chair in a Greenish yellow color.
417,Greenish yellow,elephant,A Greenish yellow elephant.
418,Greenish yellow,tie,A tie in a Greenish yellow color.
419,Greenish yellow,guava,A guava that is entirely Greenish yellow.
420,Greenish yellow,football helmet,The football helmet is Greenish yellow.
421,Olive,sports ball,The sports ball is Olive.
422,Olive,papaya,A realistic papaya in Olive.
423,Olive,mug,A mug in a Olive color.
424,Olive,jeans,A realistic jeans in Olive.
425,Olive,fan,A photo of a Olive fan.
426,Olive,candle,A candle that is entirely Olive.
427,Olive,iron,A iron that is entirely Olive.
428,Olive,teapot,A realistic teapot in Olive.
429,Olive,vehicle,"A vehicle, and it's Olive."
430,Olive,banana,An image of a Olive banana.
431,Olive,microwave,A realistic microwave in Olive.
432,Olive,umbrella,A umbrella rendered in Olive color.
433,Olive,guava,A guava in a Olive color.
434,Olive,snowboard,A snowboard rendered in Olive color.
435,Olive,oven,An image of a Olive oven.
436,Olive,minivan,The minivan is Olive.
437,Olive,ruler,A ruler that is entirely Olive.
438,Olive,cow,An image of a Olive cow.
439,Olive,crocodile,A crocodile that is entirely Olive.
440,Olive,baseball bat,A Olive colored baseball bat.
441,Olive,skateboard,A photo of a Olive skateboard.
442,Olive,pants,An image of a Olive pants.
443,Olive,suitcase,A Olive suitcase.
444,Olive,sponge,A realistic sponge in Olive.
445,Olive,bear,A bear in a Olive color.
446,Olive,mango,A photo of a Olive mango.
447,Olive,parrot,An image of a Olive parrot.
448,Olive,chair,A Olive chair.
449,Olive,elephant,A Olive elephant.
450,Olive,desk,A desk in a Olive color.
451,Olive,clock,An image of a Olive clock.
452,Olive,socks,A realistic socks in Olive.
453,Olive,remote,A photo of a Olive remote.
454,Olive,orange,A orange with a Olive color.
455,Olive,sweatshirt,"A sweatshirt, and it's Olive."
456,Yellow green,couch,"A couch, and it's Yellow green."
457,Yellow green,bicycle,An image of a Yellow green bicycle.
458,Yellow green,sweatshirt,A sweatshirt rendered in Yellow green color.
459,Yellow green,microwave,A single Yellow green microwave.
460,Yellow green,candle,An image of a Yellow green candle.
461,Yellow green,snowboard,A snowboard rendered in Yellow green color.
462,Yellow green,teapot,A teapot rendered in Yellow green color.
463,Yellow green,minivan,A Yellow green minivan.
464,Yellow green,cow,A cow rendered in Yellow green color.
465,Yellow green,orange,A realistic orange in Yellow green.
466,Yellow green,skateboard,The skateboard is Yellow green.
467,Yellow green,boxing glove,A boxing glove that is entirely Yellow green.
468,Yellow green,clock,A clock with a Yellow green color.
469,Yellow green,apple,A apple that is entirely Yellow green.
470,Yellow green,guava,An image of a Yellow green guava.
471,Yellow green,sports ball,A sports ball with a Yellow green color.
472,Yellow green,bus,The bus is Yellow green.
473,Yellow green,ruler,A photo of a Yellow green ruler.
474,Yellow green,remote,A remote that is entirely Yellow green.
475,Yellow green,pants,A photo of a Yellow green pants.
476,Yellow green,vehicle,A vehicle in a Yellow green color.
477,Yellow green,crocodile,The crocodile is Yellow green.
478,Yellow green,mango,A photo of a Yellow green mango.
479,Yellow green,football helmet,A Yellow green football helmet.
480,Yellow green,elephant,A single Yellow green elephant.
481,Yellow green,desk,"A desk, and it's Yellow green."
482,Yellow green,duck,A realistic duck in Yellow green.
483,Yellow green,iron,A iron rendered in Yellow green color.
484,Yellow green,baseball bat,"A baseball bat, and it's Yellow green."
485,Yellow green,suitcase,An image of a Yellow green suitcase.
486,Yellow green,oven,A Yellow green oven.
487,Yellow green,tie,A tie that is entirely Yellow green.
488,Yellow green,chair,An image of a Yellow green chair.
489,Yellow green,fan,A realistic fan in Yellow green.
490,Yellow green,parrot,An image of a Yellow green parrot.
491,Olive green,sponge,A single Olive green sponge.
492,Olive green,desk,A realistic desk in Olive green.
493,Olive green,apple,A Olive green colored apple.
494,Olive green,umbrella,A umbrella rendered in Olive green color.
495,Olive green,skateboard,An image of a Olive green skateboard.
496,Olive green,boxing glove,A Olive green boxing glove.
497,Olive green,socks,The socks is Olive green.
498,Olive green,tie,A tie that is entirely Olive green.
499,Olive green,wardrobe,A wardrobe with a Olive green color.
500,Olive green,clock,A clock rendered in Olive green color.
501,Olive green,parrot,A parrot rendered in Olive green color.
502,Olive green,ruler,A Olive green ruler.
503,Olive green,elephant,A elephant with a Olive green color.
504,Olive green,baseball bat,An image of a Olive green baseball bat.
505,Olive green,duck,A duck rendered in Olive green color.
506,Olive green,bus,A Olive green bus.
507,Olive green,vehicle,A photo of a Olive green vehicle.
508,Olive green,banana,"A banana, and it's Olive green."
509,Olive green,guava,A guava in a Olive green color.
510,Olive green,mug,A mug with a Olive green color.
511,Olive green,oven,"A oven, and it's Olive green."
512,Olive green,taxi,An image of a Olive green taxi.
513,Olive green,microwave,A photo of a Olive green microwave.
514,Olive green,papaya,A papaya rendered in Olive green color.
515,Olive green,jeans,A single Olive green jeans.
516,Olive green,orange,A orange with a Olive green color.
517,Olive green,minivan,"A minivan, and it's Olive green."
518,Olive green,sports car,The sports car is Olive green.
519,Olive green,pants,"A pants, and it's Olive green."
520,Olive green,chair,A Olive green colored chair.
521,Olive green,sports ball,A single Olive green sports ball.
522,Olive green,sweatshirt,A Olive green colored sweatshirt.
523,Olive green,fan,A Olive green colored fan.
524,Olive green,mango,A mango with a Olive green color.
525,Olive green,bicycle,The bicycle is Olive green.
526,Yellowish green,bear,"A bear, and it's Yellowish green."
527,Yellowish green,minivan,A realistic minivan in Yellowish green.
528,Yellowish green,papaya,"A papaya, and it's Yellowish green."
529,Yellowish green,mug,The mug is Yellowish green.
530,Yellowish green,microwave,A Yellowish green microwave.
531,Yellowish green,guava,A guava with a Yellowish green color.
532,Yellowish green,jeans,A jeans rendered in Yellowish green color.
533,Yellowish green,bus,A bus that is entirely Yellowish green.
534,Yellowish green,desk,A realistic desk in Yellowish green.
535,Yellowish green,banana,A photo of a Yellowish green banana.
536,Yellowish green,remote,An image of a Yellowish green remote.
537,Yellowish green,skateboard,A skateboard in a Yellowish green color.
538,Yellowish green,football helmet,A Yellowish green football helmet.
539,Yellowish green,clock,A clock in a Yellowish green color.
540,Yellowish green,boxing glove,A single Yellowish green boxing glove.
541,Yellowish green,wardrobe,The wardrobe is Yellowish green.
542,Yellowish green,parrot,A parrot that is entirely Yellowish green.
543,Yellowish green,iron,The iron is Yellowish green.
544,Yellowish green,bicycle,"A bicycle, and it's Yellowish green."
545,Yellowish green,sponge,The sponge is Yellowish green.
546,Yellowish green,baseball bat,A baseball bat with a Yellowish green color.
547,Yellowish green,umbrella,A photo of a Yellowish green umbrella.
548,Yellowish green,suitcase,"A suitcase, and it's Yellowish green."
549,Yellowish green,vehicle,A realistic vehicle in Yellowish green.
550,Yellowish green,couch,An image of a Yellowish green couch.
551,Yellowish green,socks,A socks in a Yellowish green color.
552,Yellowish green,cow,A realistic cow in Yellowish green.
553,Yellowish green,sports ball,An image of a Yellowish green sports ball.
554,Yellowish green,mango,A single Yellowish green mango.
555,Yellowish green,sports car,"A sports car, and it's Yellowish green."
556,Yellowish green,teapot,"A teapot, and it's Yellowish green."
557,Yellowish green,apple,A apple that is entirely Yellowish green.
558,Yellowish green,chair,"A chair, and it's Yellowish green."
559,Yellowish green,pants,A pants in a Yellowish green color.
560,Yellowish green,ruler,A photo of a Yellowish green ruler.
561,Green,mango,A Green colored mango.
562,Green,tie,A realistic tie in Green.
563,Green,pants,"A pants, and it's Green."
564,Green,crocodile,A realistic crocodile in Green.
565,Green,chair,A single Green chair.
566,Green,apple,A single Green apple.
567,Green,baseball bat,A baseball bat with a Green color.
568,Green,papaya,A papaya with a Green color.
569,Green,minivan,A photo of a Green minivan.
570,Green,ruler,"A ruler, and it's Green."
571,Green,football helmet,A Green football helmet.
572,Green,bicycle,A photo of a Green bicycle.
573,Green,microwave,A microwave in a Green color.
574,Green,oven,A oven rendered in Green color.
575,Green,mug,A Green colored mug.
576,Green,wardrobe,The wardrobe is Green.
577,Green,boxing glove,"A boxing glove, and it's Green."
578,Green,umbrella,The umbrella is Green.
579,Green,jeans,A jeans in a Green color.
580,Green,sports ball,"A sports ball, and it's Green."
581,Green,cow,A Green cow.
582,Green,bear,A realistic bear in Green.
583,Green,candle,A photo of a Green candle.
584,Green,taxi,A single Green taxi.
585,Green,sponge,A sponge with a Green color.
586,Green,teapot,A photo of a Green teapot.
587,Green,fan,The fan is Green.
588,Green,couch,"A couch, and it's Green."
589,Green,clock,An image of a Green clock.
590,Green,socks,A Green colored socks.
591,Green,sports car,A sports car rendered in Green color.
592,Green,suitcase,A realistic suitcase in Green.
593,Green,skateboard,A single Green skateboard.
594,Green,duck,A duck with a Green color.
595,Green,parrot,The parrot is Green.
596,Bluish green,minivan,A single Bluish green minivan.
597,Bluish green,iron,A iron rendered in Bluish green color.
598,Bluish green,parrot,A parrot with a Bluish green color.
599,Bluish green,mango,A photo of a Bluish green mango.
600,Bluish green,remote,A photo of a Bluish green remote.
601,Bluish green,boxing glove,A photo of a Bluish green boxing glove.
602,Bluish green,mug,The mug is Bluish green.
603,Bluish green,sponge,A sponge rendered in Bluish green color.
604,Bluish green,bus,A single Bluish green bus.
605,Bluish green,apple,A apple rendered in Bluish green color.
606,Bluish green,sports ball,A sports ball with a Bluish green color.
607,Bluish green,microwave,A microwave that is entirely Bluish green.
608,Bluish green,umbrella,"A umbrella, and it's Bluish green."
609,Bluish green,banana,A banana rendered in Bluish green color.
610,Bluish green,wardrobe,A photo of a Bluish green wardrobe.
611,Bluish green,orange,A orange that is entirely Bluish green.
612,Bluish green,ruler,"A ruler, and it's Bluish green."
613,Bluish green,snowboard,A snowboard with a Bluish green color.
614,Bluish green,sports car,An image of a Bluish green sports car.
615,Bluish green,candle,"A candle, and it's Bluish green."
616,Bluish green,duck,An image of a Bluish green duck.
617,Bluish green,crocodile,A crocodile with a Bluish green color.
618,Bluish green,football helmet,A Bluish green football helmet.
619,Bluish green,elephant,"A elephant, and it's Bluish green."
620,Bluish green,bicycle,An image of a Bluish green bicycle.
621,Bluish green,vehicle,A vehicle with a Bluish green color.
622,Bluish green,bear,A bear in a Bluish green color.
623,Bluish green,teapot,A photo of a Bluish green teapot.
624,Bluish green,taxi,The taxi is Bluish green.
625,Bluish green,cow,"A cow, and it's Bluish green."
626,Bluish green,skateboard,A Bluish green colored skateboard.
627,Bluish green,couch,A couch rendered in Bluish green color.
628,Bluish green,socks,An image of a Bluish green socks.
629,Bluish green,papaya,A papaya with a Bluish green color.
630,Bluish green,chair,A single Bluish green chair.
631,Greenish blue,sponge,A sponge with a Greenish blue color.
632,Greenish blue,skateboard,A photo of a Greenish blue skateboard.
633,Greenish blue,desk,A desk with a Greenish blue color.
634,Greenish blue,oven,The oven is Greenish blue.
635,Greenish blue,tie,A tie with a Greenish blue color.
636,Greenish blue,mango,A mango with a Greenish blue color.
637,Greenish blue,candle,A Greenish blue candle.
638,Greenish blue,couch,An image of a Greenish blue couch.
639,Greenish blue,sports ball,"A sports ball, and it's Greenish blue."
640,Greenish blue,boxing glove,A Greenish blue boxing glove.
641,Greenish blue,sports car,A sports car rendered in Greenish blue color.
642,Greenish blue,microwave,A Greenish blue colored microwave.
643,Greenish blue,parrot,A realistic parrot in Greenish blue.
644,Greenish blue,vehicle,A photo of a Greenish blue vehicle.
645,Greenish blue,guava,The guava is Greenish blue.
646,Greenish blue,chair,An image of a Greenish blue chair.
647,Greenish blue,bicycle,A Greenish blue colored bicycle.
648,Greenish blue,duck,A realistic duck in Greenish blue.
649,Greenish blue,wardrobe,A single Greenish blue wardrobe.
650,Greenish blue,minivan,A photo of a Greenish blue minivan.
651,Greenish blue,sweatshirt,A sweatshirt that is entirely Greenish blue.
652,Greenish blue,taxi,A photo of a Greenish blue taxi.
653,Greenish blue,crocodile,A crocodile in a Greenish blue color.
654,Greenish blue,ruler,A Greenish blue colored ruler.
655,Greenish blue,socks,A socks in a Greenish blue color.
656,Greenish blue,elephant,A elephant in a Greenish blue color.
657,Greenish blue,clock,An image of a Greenish blue clock.
658,Greenish blue,cow,A photo of a Greenish blue cow.
659,Greenish blue,jeans,An image of a Greenish blue jeans.
660,Greenish blue,pants,"A pants, and it's Greenish blue."
661,Greenish blue,football helmet,An image of a Greenish blue football helmet.
662,Greenish blue,bear,A realistic bear in Greenish blue.
663,Greenish blue,snowboard,A Greenish blue colored snowboard.
664,Greenish blue,teapot,The teapot is Greenish blue.
665,Greenish blue,umbrella,"A umbrella, and it's Greenish blue."
666,Blue,apple,A single Blue apple.
667,Blue,elephant,The elephant is Blue.
668,Blue,umbrella,A photo of a Blue umbrella.
669,Blue,guava,A Blue guava.
670,Blue,jeans,A Blue jeans.
671,Blue,taxi,An image of a Blue taxi.
672,Blue,banana,"A banana, and it's Blue."
673,Blue,ruler,The ruler is Blue.
674,Blue,bicycle,The bicycle is Blue.
675,Blue,skateboard,A skateboard that is entirely Blue.
676,Blue,parrot,A parrot in a Blue color.
677,Blue,clock,A photo of a Blue clock.
678,Blue,desk,A single Blue desk.
679,Blue,boxing glove,"A boxing glove, and it's Blue."
680,Blue,sweatshirt,A Blue colored sweatshirt.
681,Blue,microwave,A microwave with a Blue color.
682,Blue,tie,A realistic tie in Blue.
683,Blue,papaya,A realistic papaya in Blue.
684,Blue,remote,A remote in a Blue color.
685,Blue,cow,A single Blue cow.
686,Blue,orange,A orange rendered in Blue color.
687,Blue,minivan,A realistic minivan in Blue.
688,Blue,snowboard,A realistic snowboard in Blue.
689,Blue,sports ball,A photo of a Blue sports ball.
690,Blue,socks,A single Blue socks.
691,Blue,oven,A oven with a Blue color.
692,Blue,baseball bat,The baseball bat is Blue.
693,Blue,bear,"A bear, and it's Blue."
694,Blue,crocodile,A crocodile rendered in Blue color.
695,Blue,bus,A single Blue bus.
696,Blue,iron,An image of a Blue iron.
697,Blue,sports car,A Blue sports car.
698,Blue,teapot,A realistic teapot in Blue.
699,Blue,fan,A Blue colored fan.
700,Blue,candle,A candle that is entirely Blue.
701,Purplish blue,teapot,A photo of a Purplish blue teapot.
702,Purplish blue,fan,A fan rendered in Purplish blue color.
703,Purplish blue,sports ball,A Purplish blue sports ball.
704,Purplish blue,taxi,An image of a Purplish blue taxi.
705,Purplish blue,couch,A photo of a Purplish blue couch.
706,Purplish blue,ruler,A photo of a Purplish blue ruler.
707,Purplish blue,parrot,A parrot in a Purplish blue color.
708,Purplish blue,sports car,An image of a Purplish blue sports car.
709,Purplish blue,orange,A photo of a Purplish blue orange.
710,Purplish blue,guava,The guava is Purplish blue.
711,Purplish blue,baseball bat,A baseball bat with a Purplish blue color.
712,Purplish blue,tie,A Purplish blue tie.
713,Purplish blue,clock,A photo of a Purplish blue clock.
714,Purplish blue,desk,A Purplish blue desk.
715,Purplish blue,banana,A Purplish blue colored banana.
716,Purplish blue,minivan,A minivan that is entirely Purplish blue.
717,Purplish blue,snowboard,A snowboard rendered in Purplish blue color.
718,Purplish blue,remote,A Purplish blue colored remote.
719,Purplish blue,sponge,A Purplish blue sponge.
720,Purplish blue,oven,A photo of a Purplish blue oven.
721,Purplish blue,bicycle,An image of a Purplish blue bicycle.
722,Purplish blue,vehicle,A Purplish blue vehicle.
723,Purplish blue,bear,A photo of a Purplish blue bear.
724,Purplish blue,duck,A realistic duck in Purplish blue.
725,Purplish blue,apple,A single Purplish blue apple.
726,Purplish blue,microwave,A microwave in a Purplish blue color.
727,Purplish blue,crocodile,The crocodile is Purplish blue.
728,Purplish blue,bus,A realistic bus in Purplish blue.
729,Purplish blue,jeans,The jeans is Purplish blue.
730,Purplish blue,papaya,"A papaya, and it's Purplish blue."
731,Purplish blue,skateboard,"A skateboard, and it's Purplish blue."
732,Purplish blue,suitcase,A Purplish blue colored suitcase.
733,Purplish blue,umbrella,A umbrella in a Purplish blue color.
734,Purplish blue,socks,A socks rendered in Purplish blue color.
735,Purplish blue,mug,The mug is Purplish blue.
736,Violet,teapot,A teapot in a Violet color.
737,Violet,crocodile,A crocodile rendered in Violet color.
738,Violet,umbrella,A single Violet umbrella.
739,Violet,football helmet,The football helmet is Violet.
740,Violet,bus,A realistic bus in Violet.
741,Violet,duck,The duck is Violet.
742,Violet,oven,A oven with a Violet color.
743,Violet,desk,A desk with a Violet color.
744,Violet,vehicle,A vehicle in a Violet color.
745,Violet,orange,A realistic orange in Violet.
746,Violet,candle,A candle that is entirely Violet.
747,Violet,guava,A single Violet guava.
748,Violet,wardrobe,"A wardrobe, and it's Violet."
749,Violet,couch,A couch that is entirely Violet.
750,Violet,mug,A single Violet mug.
751,Violet,sports car,A Violet colored sports car.
752,Violet,pants,"A pants, and it's Violet."
753,Violet,iron,A single Violet iron.
754,Violet,snowboard,A single Violet snowboard.
755,Violet,boxing glove,A realistic boxing glove in Violet.
756,Violet,bear,The bear is Violet.
757,Violet,ruler,A Violet colored ruler.
758,Violet,apple,A single Violet apple.
759,Violet,papaya,A Violet colored papaya.
760,Violet,taxi,A taxi with a Violet color.
761,Violet,chair,An image of a Violet chair.
762,Violet,mango,A Violet colored mango.
763,Violet,microwave,A photo of a Violet microwave.
764,Violet,baseball bat,A baseball bat with a Violet color.
765,Violet,parrot,"A parrot, and it's Violet."
766,Violet,tie,The tie is Violet.
767,Violet,elephant,The elephant is Violet.
768,Violet,remote,The remote is Violet.
769,Violet,minivan,The minivan is Violet.
770,Violet,clock,A single Violet clock.
771,Purple,couch,A single Purple couch.
772,Purple,taxi,A taxi in a Purple color.
773,Purple,chair,A chair rendered in Purple color.
774,Purple,jeans,A jeans rendered in Purple color.
775,Purple,orange,A orange with a Purple color.
776,Purple,socks,A socks with a Purple color.
777,Purple,ruler,A ruler in a Purple color.
778,Purple,football helmet,A Purple football helmet.
779,Purple,minivan,A minivan rendered in Purple color.
780,Purple,clock,A clock with a Purple color.
781,Purple,papaya,A realistic papaya in Purple.
782,Purple,sports car,An image of a Purple sports car.
783,Purple,wardrobe,A Purple wardrobe.
784,Purple,snowboard,A photo of a Purple snowboard.
785,Purple,microwave,An image of a Purple microwave.
786,Purple,oven,A realistic oven in Purple.
787,Purple,elephant,An image of a Purple elephant.
788,Purple,cow,A Purple colored cow.
789,Purple,crocodile,A Purple colored crocodile.
790,Purple,mug,A Purple mug.
791,Purple,skateboard,A photo of a Purple skateboard.
792,Purple,fan,A photo of a Purple fan.
793,Purple,apple,A apple rendered in Purple color.
794,Purple,boxing glove,A boxing glove with a Purple color.
795,Purple,sports ball,A single Purple sports ball.
796,Purple,sweatshirt,The sweatshirt is Purple.
797,Purple,duck,A photo of a Purple duck.
798,Purple,teapot,A realistic teapot in Purple.
799,Purple,baseball bat,A baseball bat with a Purple color.
800,Purple,pants,A Purple pants.
801,Purple,candle,The candle is Purple.
802,Purple,tie,A realistic tie in Purple.
803,Purple,sponge,A sponge in a Purple color.
804,Purple,desk,A desk that is entirely Purple.
805,Purple,parrot,A single Purple parrot.
806,Reddish purple,papaya,A papaya that is entirely Reddish purple.
807,Reddish purple,desk,A single Reddish purple desk.
808,Reddish purple,minivan,A minivan rendered in Reddish purple color.
809,Reddish purple,bear,A Reddish purple bear.
810,Reddish purple,taxi,A Reddish purple taxi.
811,Reddish purple,oven,A oven that is entirely Reddish purple.
812,Reddish purple,remote,An image of a Reddish purple remote.
813,Reddish purple,sweatshirt,A sweatshirt that is entirely Reddish purple.
814,Reddish purple,banana,A photo of a Reddish purple banana.
815,Reddish purple,orange,An image of a Reddish purple orange.
816,Reddish purple,elephant,An image of a Reddish purple elephant.
817,Reddish purple,ruler,A Reddish purple colored ruler.
818,Reddish purple,pants,The pants is Reddish purple.
819,Reddish purple,socks,A Reddish purple socks.
820,Reddish purple,baseball bat,"A baseball bat, and it's Reddish purple."
821,Reddish purple,umbrella,A realistic umbrella in Reddish purple.
822,Reddish purple,iron,A single Reddish purple iron.
823,Reddish purple,suitcase,A photo of a Reddish purple suitcase.
824,Reddish purple,sports ball,A photo of a Reddish purple sports ball.
825,Reddish purple,boxing glove,A single Reddish purple boxing glove.
826,Reddish purple,candle,A candle in a Reddish purple color.
827,Reddish purple,teapot,A realistic teapot in Reddish purple.
828,Reddish purple,chair,A chair that is entirely Reddish purple.
829,Reddish purple,couch,A couch in a Reddish purple color.
830,Reddish purple,skateboard,A skateboard in a Reddish purple color.
831,Reddish purple,duck,A duck with a Reddish purple color.
832,Reddish purple,cow,A Reddish purple colored cow.
833,Reddish purple,mango,The mango is Reddish purple.
834,Reddish purple,football helmet,A single Reddish purple football helmet.
835,Reddish purple,jeans,A realistic jeans in Reddish purple.
836,Reddish purple,wardrobe,A Reddish purple wardrobe.
837,Reddish purple,snowboard,A single Reddish purple snowboard.
838,Reddish purple,parrot,A Reddish purple parrot.
839,Reddish purple,apple,"A apple, and it's Reddish purple."
840,Reddish purple,bicycle,The bicycle is Reddish purple.
841,Purplish pink,remote,A remote in a Purplish pink color.
842,Purplish pink,sweatshirt,A sweatshirt in a Purplish pink color.
843,Purplish pink,wardrobe,A wardrobe that is entirely Purplish pink.
844,Purplish pink,sponge,A Purplish pink colored sponge.
845,Purplish pink,guava,A Purplish pink colored guava.
846,Purplish pink,boxing glove,A realistic boxing glove in Purplish pink.
847,Purplish pink,papaya,A papaya with a Purplish pink color.
848,Purplish pink,microwave,A photo of a Purplish pink microwave.
849,Purplish pink,clock,A clock that is entirely Purplish pink.
850,Purplish pink,snowboard,The snowboard is Purplish pink.
851,Purplish pink,vehicle,A photo of a Purplish pink vehicle.
852,Purplish pink,fan,An image of a Purplish pink fan.
853,Purplish pink,bear,A bear that is entirely Purplish pink.
854,Purplish pink,desk,A photo of a Purplish pink desk.
855,Purplish pink,taxi,A taxi rendered in Purplish pink color.
856,Purplish pink,bus,A photo of a Purplish pink bus.
857,Purplish pink,suitcase,A suitcase with a Purplish pink color.
858,Purplish pink,iron,The iron is Purplish pink.
859,Purplish pink,orange,A photo of a Purplish pink orange.
860,Purplish pink,socks,A socks with a Purplish pink color.
861,Purplish pink,crocodile,"A crocodile, and it's Purplish pink."
862,Purplish pink,pants,"A pants, and it's Purplish pink."
863,Purplish pink,tie,A tie rendered in Purplish pink color.
864,Purplish pink,skateboard,A skateboard rendered in Purplish pink color.
865,Purplish pink,candle,"A candle, and it's Purplish pink."
866,Purplish pink,mug,A mug with a Purplish pink color.
867,Purplish pink,elephant,A elephant rendered in Purplish pink color.
868,Purplish pink,duck,A duck with a Purplish pink color.
869,Purplish pink,football helmet,A football helmet with a Purplish pink color.
870,Purplish pink,mango,A mango rendered in Purplish pink color.
871,Purplish pink,banana,A Purplish pink colored banana.
872,Purplish pink,jeans,A jeans with a Purplish pink color.
873,Purplish pink,chair,A Purplish pink colored chair.
874,Purplish pink,sports car,A photo of a Purplish pink sports car.
875,Purplish pink,umbrella,"A umbrella, and it's Purplish pink."
876,Purplish red,apple,A apple that is entirely Purplish red.
877,Purplish red,candle,A Purplish red colored candle.
878,Purplish red,teapot,A teapot rendered in Purplish red color.
879,Purplish red,boxing glove,"A boxing glove, and it's Purplish red."
880,Purplish red,oven,A oven in a Purplish red color.
881,Purplish red,baseball bat,A photo of a Purplish red baseball bat.
882,Purplish red,socks,A Purplish red socks.
883,Purplish red,orange,"A orange, and it's Purplish red."
884,Purplish red,sports car,The sports car is Purplish red.
885,Purplish red,crocodile,A Purplish red colored crocodile.
886,Purplish red,fan,A realistic fan in Purplish red.
887,Purplish red,snowboard,The snowboard is Purplish red.
888,Purplish red,desk,A desk in a Purplish red color.
889,Purplish red,iron,A iron with a Purplish red color.
890,Purplish red,bus,A photo of a Purplish red bus.
891,Purplish red,vehicle,A Purplish red vehicle.
892,Purplish red,cow,A cow that is entirely Purplish red.
893,Purplish red,papaya,A realistic papaya in Purplish red.
894,Purplish red,elephant,"A elephant, and it's Purplish red."
895,Purplish red,mug,"A mug, and it's Purplish red."
896,Purplish red,remote,A remote in a Purplish red color.
897,Purplish red,sweatshirt,A sweatshirt in a Purplish red color.
898,Purplish red,parrot,A parrot rendered in Purplish red color.
899,Purplish red,taxi,A photo of a Purplish red taxi.
900,Purplish red,skateboard,A Purplish red colored skateboard.
901,Purplish red,tie,A Purplish red colored tie.
902,Purplish red,umbrella,An image of a Purplish red umbrella.
903,Purplish red,microwave,A single Purplish red microwave.
904,Purplish red,ruler,A single Purplish red ruler.
905,Purplish red,sponge,A Purplish red colored sponge.
906,Purplish red,football helmet,A football helmet with a Purplish red color.
907,Purplish red,sports ball,A sports ball rendered in Purplish red color.
908,Purplish red,guava,A Purplish red guava.
909,Purplish red,wardrobe,A wardrobe with a Purplish red color.
910,Purplish red,bear,A bear with a Purplish red color.
911,White,minivan,A White colored minivan.
912,White,apple,"A apple, and it's White."
913,White,fan,A fan that is entirely White.
914,White,couch,A couch that is entirely White.
915,White,jeans,A photo of a White jeans.
916,White,mango,A photo of a White mango.
917,White,microwave,The microwave is White.
918,White,skateboard,An image of a White skateboard.
919,White,elephant,The elephant is White.
920,White,iron,A iron in a White color.
921,White,banana,A banana in a White color.
922,White,socks,A realistic socks in White.
923,White,sports car,A sports car in a White color.
924,White,oven,A White oven.
925,White,guava,A guava with a White color.
926,White,sponge,A White colored sponge.
927,White,crocodile,A crocodile rendered in White color.
928,White,duck,A photo of a White duck.
929,White,bus,A bus rendered in White color.
930,White,parrot,A single White parrot.
931,White,baseball bat,A photo of a White baseball bat.
932,White,tie,A photo of a White tie.
933,White,remote,A photo of a White remote.
934,White,bear,A realistic bear in White.
935,White,candle,A candle rendered in White color.
936,White,pants,A photo of a White pants.
937,White,wardrobe,A realistic wardrobe in White.
938,White,suitcase,"A suitcase, and it's White."
939,White,taxi,A White taxi.
940,White,cow,A single White cow.
941,White,bicycle,A White colored bicycle.
942,White,snowboard,A snowboard with a White color.
943,White,sweatshirt,A realistic sweatshirt in White.
944,White,desk,A desk that is entirely White.
945,White,orange,"A orange, and it's White."
946,Gray,football helmet,An image of a Gray football helmet.
947,Gray,microwave,"A microwave, and it's Gray."
948,Gray,teapot,A teapot in a Gray color.
949,Gray,umbrella,A photo of a Gray umbrella.
950,Gray,parrot,A single Gray parrot.
951,Gray,sports ball,The sports ball is Gray.
952,Gray,oven,A oven that is entirely Gray.
953,Gray,candle,"A candle, and it's Gray."
954,Gray,tie,A Gray colored tie.
955,Gray,taxi,A Gray taxi.
956,Gray,iron,A single Gray iron.
957,Gray,desk,A Gray desk.
958,Gray,sponge,A single Gray sponge.
959,Gray,mango,A mango in a Gray color.
960,Gray,papaya,A Gray colored papaya.
961,Gray,pants,A pants that is entirely Gray.
962,Gray,banana,A single Gray banana.
963,Gray,mug,The mug is Gray.
964,Gray,couch,A Gray colored couch.
965,Gray,guava,A guava that is entirely Gray.
966,Gray,fan,A Gray fan.
967,Gray,apple,A Gray colored apple.
968,Gray,chair,The chair is Gray.
969,Gray,vehicle,A realistic vehicle in Gray.
970,Gray,remote,A remote with a Gray color.
971,Gray,boxing glove,A Gray colored boxing glove.
972,Gray,cow,A photo of a Gray cow.
973,Gray,baseball bat,A photo of a Gray baseball bat.
974,Gray,orange,A Gray orange.
975,Gray,skateboard,An image of a Gray skateboard.
976,Gray,duck,"A duck, and it's Gray."
977,Gray,crocodile,A realistic crocodile in Gray.
978,Gray,sports car,A photo of a Gray sports car.
979,Gray,socks,A realistic socks in Gray.
980,Gray,bus,"A bus, and it's Gray."
981,Black,teapot,A Black teapot.
982,Black,football helmet,A football helmet rendered in Black color.
983,Black,bicycle,A Black colored bicycle.
984,Black,banana,A banana that is entirely Black.
985,Black,vehicle,A vehicle rendered in Black color.
986,Black,skateboard,A single Black skateboard.
987,Black,suitcase,A photo of a Black suitcase.
988,Black,elephant,A elephant with a Black color.
989,Black,jeans,A jeans with a Black color.
990,Black,duck,The duck is Black.
991,Black,wardrobe,A wardrobe in a Black color.
992,Black,clock,A Black colored clock.
993,Black,microwave,The microwave is Black.
994,Black,sports ball,A sports ball in a Black color.
995,Black,oven,A oven in a Black color.
996,Black,orange,A orange in a Black color.
997,Black,snowboard,A snowboard in a Black color.
998,Black,parrot,A parrot in a Black color.
999,Black,sponge,A Black sponge.
1000,Black,remote,A single Black remote.
1001,Black,guava,"A guava, and it's Black."
1002,Black,mug,A Black mug.
1003,Black,umbrella,A umbrella with a Black color.
1004,Black,bus,A single Black bus.
1005,Black,candle,A Black colored candle.
1006,Black,crocodile,An image of a Black crocodile.
1007,Black,mango,A realistic mango in Black.
1008,Black,baseball bat,A Black baseball bat.
1009,Black,iron,A Black colored iron.
1010,Black,boxing glove,The boxing glove is Black.
1011,Black,fan,A Black colored fan.
1012,Black,cow,A cow that is entirely Black.
1013,Black,sports car,A realistic sports car in Black.
1014,Black,apple,A apple with a Black color.
1015,Black,couch,A couch with a Black color.
