id,color_name,r,g,b,object,prompt
1,Pink,230,134,151,boxing glove,"A photo of a boxing glove in color rgb(230, 134, 151)."
2,Pink,230,134,151,clock,"A clock colored rgb(230, 134, 151)."
3,Pink,230,134,151,vehicle,"A photo of a vehicle in color rgb(230, 134, 151)."
4,Pink,230,134,151,baseball bat,"A realistic baseball bat in rgb(230, 134, 151)."
5,Pink,230,134,151,sports ball,"A sports ball with color rgb(230, 134, 151)."
6,Pink,230,134,151,umbrella,"A umbrella in rgb(230, 134, 151)."
7,Pink,230,134,151,chair,"A chair rendered in RGB color rgb(230, 134, 151)."
8,Pink,230,134,151,couch,"A couch colored rgb(230, 134, 151)."
9,Pink,230,134,151,parrot,"An image of a parrot in rgb(230, 134, 151)."
10,Pink,230,134,151,banana,"A banana with color rgb(230, 134, 151)."
11,Pink,230,134,151,wardrobe,"A wardrobe rendered in RGB color rgb(230, 134, 151)."
12,Pink,230,134,151,bus,"A photo of a bus in color rgb(230, 134, 151)."
13,Pink,230,134,151,iron,"An image of a iron in rgb(230, 134, 151)."
14,Pink,230,134,151,sweatshirt,"A sweatshirt with the color rgb(230, 134, 151)."
15,Pink,230,134,151,suitcase,"A suitcase with the color rgb(230, 134, 151)."
16,Pink,230,134,151,sponge,"A sponge colored rgb(230, 134, 151)."
17,Pink,230,134,151,skateboard,"A skateboard with the color rgb(230, 134, 151)."
18,Pink,230,134,151,oven,"An image of a oven in rgb(230, 134, 151)."
19,Pink,230,134,151,bicycle,"An image of a bicycle in rgb(230, 134, 151)."
20,Pink,230,134,151,ruler,"A ruler with color rgb(230, 134, 151)."
21,Red,185,40,66,bus,"A bus colored rgb(185, 40, 66)."
22,Red,185,40,66,desk,"A desk with color rgb(185, 40, 66)."
23,Red,185,40,66,parrot,"A realistic parrot in rgb(185, 40, 66)."
24,Red,185,40,66,clock,"An image of a clock in rgb(185, 40, 66)."
25,Red,185,40,66,mango,"A mango rendered in RGB color rgb(185, 40, 66)."
26,Red,185,40,66,banana,"An image of a banana in rgb(185, 40, 66)."
27,Red,185,40,66,jeans,"An image of a jeans in rgb(185, 40, 66)."
28,Red,185,40,66,microwave,"A photo of a microwave in color rgb(185, 40, 66)."
29,Red,185,40,66,taxi,"A taxi with color rgb(185, 40, 66)."
30,Red,185,40,66,sweatshirt,"A sweatshirt with the color rgb(185, 40, 66)."
31,Red,185,40,66,tie,"A tie rendered in RGB color rgb(185, 40, 66)."
32,Red,185,40,66,apple,"A photo of a apple in color rgb(185, 40, 66)."
33,Red,185,40,66,fan,"A fan rendered in RGB color rgb(185, 40, 66)."
34,Red,185,40,66,umbrella,"A realistic umbrella in rgb(185, 40, 66)."
35,Red,185,40,66,pants,"A pants colored rgb(185, 40, 66)."
36,Red,185,40,66,duck,"A duck with color rgb(185, 40, 66)."
37,Red,185,40,66,wardrobe,"A photo of a wardrobe in color rgb(185, 40, 66)."
38,Red,185,40,66,ruler,"An image of a ruler in rgb(185, 40, 66)."
39,Red,185,40,66,sponge,"A sponge in rgb(185, 40, 66)."
40,Red,185,40,66,orange,"A photo of a orange in color rgb(185, 40, 66)."
41,Yellowish pink,234,154,144,bus,"A bus colored rgb(234, 154, 144)."
42,Yellowish pink,234,154,144,remote,"A remote colored rgb(234, 154, 144)."
43,Yellowish pink,234,154,144,guava,"An image of a guava in rgb(234, 154, 144)."
44,Yellowish pink,234,154,144,baseball bat,"A photo of a baseball bat in color rgb(234, 154, 144)."
45,Yellowish pink,234,154,144,apple,"A apple rendered in RGB color rgb(234, 154, 144)."
46,Yellowish pink,234,154,144,suitcase,"A realistic suitcase in rgb(234, 154, 144)."
47,Yellowish pink,234,154,144,sweatshirt,"A sweatshirt with the color rgb(234, 154, 144)."
48,Yellowish pink,234,154,144,sponge,"A sponge in rgb(234, 154, 144)."
49,Yellowish pink,234,154,144,boxing glove,"A boxing glove with the color rgb(234, 154, 144)."
50,Yellowish pink,234,154,144,mug,"A mug rendered in RGB color rgb(234, 154, 144)."
51,Yellowish pink,234,154,144,iron,"A iron rendered in RGB color rgb(234, 154, 144)."
52,Yellowish pink,234,154,144,desk,"A desk colored rgb(234, 154, 144)."
53,Yellowish pink,234,154,144,elephant,"A elephant with the color rgb(234, 154, 144)."
54,Yellowish pink,234,154,144,skateboard,"A skateboard colored rgb(234, 154, 144)."
55,Yellowish pink,234,154,144,chair,"A chair colored rgb(234, 154, 144)."
56,Yellowish pink,234,154,144,clock,"A realistic clock in rgb(234, 154, 144)."
57,Yellowish pink,234,154,144,taxi,"A taxi with color rgb(234, 154, 144)."
58,Yellowish pink,234,154,144,ruler,"A ruler in rgb(234, 154, 144)."
59,Yellowish pink,234,154,144,teapot,"A teapot with the color rgb(234, 154, 144)."
60,Yellowish pink,234,154,144,football helmet,"A football helmet with color rgb(234, 154, 144)."
61,Reddish orange,215,71,42,snowboard,"A snowboard in rgb(215, 71, 42)."
62,Reddish orange,215,71,42,minivan,"An image of a minivan in rgb(215, 71, 42)."
63,Reddish orange,215,71,42,clock,"A realistic clock in rgb(215, 71, 42)."
64,Reddish orange,215,71,42,microwave,"A microwave in rgb(215, 71, 42)."
65,Reddish orange,215,71,42,wardrobe,"A wardrobe with the color rgb(215, 71, 42)."
66,Reddish orange,215,71,42,bear,"An image of a bear in rgb(215, 71, 42)."
67,Reddish orange,215,71,42,desk,"A desk with color rgb(215, 71, 42)."
68,Reddish orange,215,71,42,bicycle,"A photo of a bicycle in color rgb(215, 71, 42)."
69,Reddish orange,215,71,42,skateboard,"A skateboard in rgb(215, 71, 42)."
70,Reddish orange,215,71,42,crocodile,"A photo of a crocodile in color rgb(215, 71, 42)."
71,Reddish orange,215,71,42,cow,"A cow with the color rgb(215, 71, 42)."
72,Reddish orange,215,71,42,sweatshirt,"A sweatshirt with the color rgb(215, 71, 42)."
73,Reddish orange,215,71,42,couch,"A realistic couch in rgb(215, 71, 42)."
74,Reddish orange,215,71,42,oven,"A oven with the color rgb(215, 71, 42)."
75,Reddish orange,215,71,42,tie,"A tie rendered in RGB color rgb(215, 71, 42)."
76,Reddish orange,215,71,42,apple,"A apple rendered in RGB color rgb(215, 71, 42)."
77,Reddish orange,215,71,42,jeans,"A realistic jeans in rgb(215, 71, 42)."
78,Reddish orange,215,71,42,mango,"A mango rendered in RGB color rgb(215, 71, 42)."
79,Reddish orange,215,71,42,banana,"A banana with color rgb(215, 71, 42)."
80,Reddish orange,215,71,42,baseball bat,"A baseball bat colored rgb(215, 71, 42)."
81,Reddish brown,122,44,38,suitcase,"A suitcase in rgb(122, 44, 38)."
82,Reddish brown,122,44,38,parrot,"A parrot with the color rgb(122, 44, 38)."
83,Reddish brown,122,44,38,tie,"A tie in rgb(122, 44, 38)."
84,Reddish brown,122,44,38,oven,"A photo of a oven in color rgb(122, 44, 38)."
85,Reddish brown,122,44,38,guava,"A guava with the color rgb(122, 44, 38)."
86,Reddish brown,122,44,38,taxi,"A taxi in rgb(122, 44, 38)."
87,Reddish brown,122,44,38,teapot,"An image of a teapot in rgb(122, 44, 38)."
88,Reddish brown,122,44,38,duck,"A duck with the color rgb(122, 44, 38)."
89,Reddish brown,122,44,38,football helmet,"A photo of a football helmet in color rgb(122, 44, 38)."
90,Reddish brown,122,44,38,clock,"A clock with color rgb(122, 44, 38)."
91,Reddish brown,122,44,38,sports ball,"A realistic sports ball in rgb(122, 44, 38)."
92,Reddish brown,122,44,38,umbrella,"A photo of a umbrella in color rgb(122, 44, 38)."
93,Reddish brown,122,44,38,apple,"A apple rendered in RGB color rgb(122, 44, 38)."
94,Reddish brown,122,44,38,minivan,"A realistic minivan in rgb(122, 44, 38)."
95,Reddish brown,122,44,38,vehicle,"A photo of a vehicle in color rgb(122, 44, 38)."
96,Reddish brown,122,44,38,microwave,"A realistic microwave in rgb(122, 44, 38)."
97,Reddish brown,122,44,38,baseball bat,"A baseball bat colored rgb(122, 44, 38)."
98,Reddish brown,122,44,38,sweatshirt,"A photo of a sweatshirt in color rgb(122, 44, 38)."
99,Reddish brown,122,44,38,candle,"A candle with the color rgb(122, 44, 38)."
100,Reddish brown,122,44,38,socks,"A socks with the color rgb(122, 44, 38)."
101,Orange,220,125,52,ruler,"A ruler with color rgb(220, 125, 52)."
102,Orange,220,125,52,wardrobe,"A realistic wardrobe in rgb(220, 125, 52)."
103,Orange,220,125,52,sports car,"A photo of a sports car in color rgb(220, 125, 52)."
104,Orange,220,125,52,sponge,"A sponge with the color rgb(220, 125, 52)."
105,Orange,220,125,52,papaya,"A realistic papaya in rgb(220, 125, 52)."
106,Orange,220,125,52,desk,"A desk with the color rgb(220, 125, 52)."
107,Orange,220,125,52,orange,"A orange in rgb(220, 125, 52)."
108,Orange,220,125,52,couch,"A couch in rgb(220, 125, 52)."
109,Orange,220,125,52,football helmet,"A football helmet with the color rgb(220, 125, 52)."
110,Orange,220,125,52,guava,"A photo of a guava in color rgb(220, 125, 52)."
111,Orange,220,125,52,minivan,"A minivan rendered in RGB color rgb(220, 125, 52)."
112,Orange,220,125,52,pants,"A pants colored rgb(220, 125, 52)."
113,Orange,220,125,52,sports ball,"A realistic sports ball in rgb(220, 125, 52)."
114,Orange,220,125,52,tie,"A realistic tie in rgb(220, 125, 52)."
115,Orange,220,125,52,crocodile,"A photo of a crocodile in color rgb(220, 125, 52)."
116,Orange,220,125,52,baseball bat,"A baseball bat colored rgb(220, 125, 52)."
117,Orange,220,125,52,umbrella,"A umbrella in rgb(220, 125, 52)."
118,Orange,220,125,52,apple,"A apple rendered in RGB color rgb(220, 125, 52)."
119,Orange,220,125,52,suitcase,"A suitcase colored rgb(220, 125, 52)."
120,Orange,220,125,52,banana,"A banana in rgb(220, 125, 52)."
121,Brown,127,72,41,mango,"A mango rendered in RGB color rgb(127, 72, 41)."
122,Brown,127,72,41,skateboard,"A skateboard in rgb(127, 72, 41)."
123,Brown,127,72,41,desk,"A desk with the color rgb(127, 72, 41)."
124,Brown,127,72,41,microwave,"A microwave rendered in RGB color rgb(127, 72, 41)."
125,Brown,127,72,41,wardrobe,"A wardrobe with the color rgb(127, 72, 41)."
126,Brown,127,72,41,jeans,"A jeans with the color rgb(127, 72, 41)."
127,Brown,127,72,41,mug,"A photo of a mug in color rgb(127, 72, 41)."
128,Brown,127,72,41,elephant,"A elephant colored rgb(127, 72, 41)."
129,Brown,127,72,41,tie,"A tie with the color rgb(127, 72, 41)."
130,Brown,127,72,41,ruler,"A photo of a ruler in color rgb(127, 72, 41)."
131,Brown,127,72,41,suitcase,"A suitcase in rgb(127, 72, 41)."
132,Brown,127,72,41,orange,"A orange with the color rgb(127, 72, 41)."
133,Brown,127,72,41,parrot,"A parrot colored rgb(127, 72, 41)."
134,Brown,127,72,41,remote,"An image of a remote in rgb(127, 72, 41)."
135,Brown,127,72,41,duck,"A duck with color rgb(127, 72, 41)."
136,Brown,127,72,41,vehicle,"A photo of a vehicle in color rgb(127, 72, 41)."
137,Brown,127,72,41,sweatshirt,"An image of a sweatshirt in rgb(127, 72, 41)."
138,Brown,127,72,41,sports ball,"A photo of a sports ball in color rgb(127, 72, 41)."
139,Brown,127,72,41,sponge,"A sponge with color rgb(127, 72, 41)."
140,Brown,127,72,41,snowboard,"A snowboard colored rgb(127, 72, 41)."
141,Orange yellow,227,160,69,chair,"An image of a chair in rgb(227, 160, 69)."
142,Orange yellow,227,160,69,ruler,"A ruler with color rgb(227, 160, 69)."
143,Orange yellow,227,160,69,snowboard,"A snowboard rendered in RGB color rgb(227, 160, 69)."
144,Orange yellow,227,160,69,oven,"A realistic oven in rgb(227, 160, 69)."
145,Orange yellow,227,160,69,desk,"A desk with color rgb(227, 160, 69)."
146,Orange yellow,227,160,69,remote,"A remote in rgb(227, 160, 69)."
147,Orange yellow,227,160,69,apple,"A apple with color rgb(227, 160, 69)."
148,Orange yellow,227,160,69,bicycle,"A bicycle with the color rgb(227, 160, 69)."
149,Orange yellow,227,160,69,iron,"A iron rendered in RGB color rgb(227, 160, 69)."
150,Orange yellow,227,160,69,sweatshirt,"A sweatshirt with color rgb(227, 160, 69)."
151,Orange yellow,227,160,69,couch,"A couch with the color rgb(227, 160, 69)."
152,Orange yellow,227,160,69,football helmet,"A football helmet with the color rgb(227, 160, 69)."
153,Orange yellow,227,160,69,suitcase,"A suitcase rendered in RGB color rgb(227, 160, 69)."
154,Orange yellow,227,160,69,crocodile,"A crocodile with color rgb(227, 160, 69)."
155,Orange yellow,227,160,69,skateboard,"A skateboard with color rgb(227, 160, 69)."
156,Orange yellow,227,160,69,parrot,"A photo of a parrot in color rgb(227, 160, 69)."
157,Orange yellow,227,160,69,socks,"An image of a socks in rgb(227, 160, 69)."
158,Orange yellow,227,160,69,cow,"A photo of a cow in color rgb(227, 160, 69)."
159,Orange yellow,227,160,69,bus,"A bus with color rgb(227, 160, 69)."
160,Orange yellow,227,160,69,clock,"A realistic clock in rgb(227, 160, 69)."
161,Yellowish brown,151,107,57,skateboard,"A skateboard in rgb(151, 107, 57)."
162,Yellowish brown,151,107,57,orange,"An image of a orange in rgb(151, 107, 57)."
163,Yellowish brown,151,107,57,banana,"A banana rendered in RGB color rgb(151, 107, 57)."
164,Yellowish brown,151,107,57,boxing glove,"A boxing glove colored rgb(151, 107, 57)."
165,Yellowish brown,151,107,57,wardrobe,"A wardrobe rendered in RGB color rgb(151, 107, 57)."
166,Yellowish brown,151,107,57,baseball bat,"A baseball bat in rgb(151, 107, 57)."
167,Yellowish brown,151,107,57,bus,"A bus with color rgb(151, 107, 57)."
168,Yellowish brown,151,107,57,bicycle,"An image of a bicycle in rgb(151, 107, 57)."
169,Yellowish brown,151,107,57,minivan,"A minivan in rgb(151, 107, 57)."
170,Yellowish brown,151,107,57,chair,"An image of a chair in rgb(151, 107, 57)."
171,Yellowish brown,151,107,57,fan,"A photo of a fan in color rgb(151, 107, 57)."
172,Yellowish brown,151,107,57,bear,"A photo of a bear in color rgb(151, 107, 57)."
173,Yellowish brown,151,107,57,teapot,"A teapot with the color rgb(151, 107, 57)."
174,Yellowish brown,151,107,57,snowboard,"An image of a snowboard in rgb(151, 107, 57)."
175,Yellowish brown,151,107,57,pants,"A pants colored rgb(151, 107, 57)."
176,Yellowish brown,151,107,57,sponge,"A sponge rendered in RGB color rgb(151, 107, 57)."
177,Yellowish brown,151,107,57,football helmet,"A photo of a football helmet in color rgb(151, 107, 57)."
178,Yellowish brown,151,107,57,duck,"A duck rendered in RGB color rgb(151, 107, 57)."
179,Yellowish brown,151,107,57,sports car,"A sports car rendered in RGB color rgb(151, 107, 57)."
180,Yellowish brown,151,107,57,apple,"A apple colored rgb(151, 107, 57)."
181,Yellow,217,180,81,vehicle,"A photo of a vehicle in color rgb(217, 180, 81)."
182,Yellow,217,180,81,cow,"A cow in rgb(217, 180, 81)."
183,Yellow,217,180,81,minivan,"A photo of a minivan in color rgb(217, 180, 81)."
184,Yellow,217,180,81,papaya,"A papaya colored rgb(217, 180, 81)."
185,Yellow,217,180,81,sports ball,"An image of a sports ball in rgb(217, 180, 81)."
186,Yellow,217,180,81,baseball bat,"A baseball bat with color rgb(217, 180, 81)."
187,Yellow,217,180,81,bear,"A bear with the color rgb(217, 180, 81)."
188,Yellow,217,180,81,couch,"A couch with color rgb(217, 180, 81)."
189,Yellow,217,180,81,mango,"An image of a mango in rgb(217, 180, 81)."
190,Yellow,217,180,81,bus,"A bus colored rgb(217, 180, 81)."
191,Yellow,217,180,81,candle,"An image of a candle in rgb(217, 180, 81)."
192,Yellow,217,180,81,umbrella,"A umbrella in rgb(217, 180, 81)."
193,Yellow,217,180,81,tie,"A tie with the color rgb(217, 180, 81)."
194,Yellow,217,180,81,desk,"A desk with color rgb(217, 180, 81)."
195,Yellow,217,180,81,sports car,"A sports car rendered in RGB color rgb(217, 180, 81)."
196,Yellow,217,180,81,elephant,"A elephant with color rgb(217, 180, 81)."
197,Yellow,217,180,81,ruler,"A ruler in rgb(217, 180, 81)."
198,Yellow,217,180,81,guava,"A guava with the color rgb(217, 180, 81)."
199,Yellow,217,180,81,wardrobe,"A wardrobe colored rgb(217, 180, 81)."
200,Yellow,217,180,81,clock,"An image of a clock in rgb(217, 180, 81)."
201,Olive brown,127,97,41,remote,"An image of a remote in rgb(127, 97, 41)."
202,Olive brown,127,97,41,wardrobe,"A wardrobe with the color rgb(127, 97, 41)."
203,Olive brown,127,97,41,pants,"A pants with color rgb(127, 97, 41)."
204,Olive brown,127,97,41,crocodile,"A crocodile with color rgb(127, 97, 41)."
205,Olive brown,127,97,41,clock,"A clock colored rgb(127, 97, 41)."
206,Olive brown,127,97,41,mango,"An image of a mango in rgb(127, 97, 41)."
207,Olive brown,127,97,41,sweatshirt,"A sweatshirt colored rgb(127, 97, 41)."
208,Olive brown,127,97,41,tie,"A tie with color rgb(127, 97, 41)."
209,Olive brown,127,97,41,skateboard,"A skateboard rendered in RGB color rgb(127, 97, 41)."
210,Olive brown,127,97,41,bus,"A photo of a bus in color rgb(127, 97, 41)."
211,Olive brown,127,97,41,sponge,"A sponge colored rgb(127, 97, 41)."
212,Olive brown,127,97,41,bicycle,"A bicycle colored rgb(127, 97, 41)."
213,Olive brown,127,97,41,duck,"A duck rendered in RGB color rgb(127, 97, 41)."
214,Olive brown,127,97,41,iron,"A iron with color rgb(127, 97, 41)."
215,Olive brown,127,97,41,taxi,"A taxi colored rgb(127, 97, 41)."
216,Olive brown,127,97,41,suitcase,"A suitcase in rgb(127, 97, 41)."
217,Olive brown,127,97,41,football helmet,"A football helmet with color rgb(127, 97, 41)."
218,Olive brown,127,97,41,minivan,"A minivan with color rgb(127, 97, 41)."
219,Olive brown,127,97,41,bear,"A photo of a bear in color rgb(127, 97, 41)."
220,Olive brown,127,97,41,oven,"A oven colored rgb(127, 97, 41)."
221,Greenish yellow,208,196,69,socks,"A socks with color rgb(208, 196, 69)."
222,Greenish yellow,208,196,69,pants,"A photo of a pants in color rgb(208, 196, 69)."
223,Greenish yellow,208,196,69,snowboard,"A photo of a snowboard in color rgb(208, 196, 69)."
224,Greenish yellow,208,196,69,remote,"A remote rendered in RGB color rgb(208, 196, 69)."
225,Greenish yellow,208,196,69,desk,"A desk in rgb(208, 196, 69)."
226,Greenish yellow,208,196,69,teapot,"A teapot in rgb(208, 196, 69)."
227,Greenish yellow,208,196,69,boxing glove,"A photo of a boxing glove in color rgb(208, 196, 69)."
228,Greenish yellow,208,196,69,suitcase,"A realistic suitcase in rgb(208, 196, 69)."
229,Greenish yellow,208,196,69,crocodile,"A crocodile with the color rgb(208, 196, 69)."
230,Greenish yellow,208,196,69,candle,"A realistic candle in rgb(208, 196, 69)."
231,Greenish yellow,208,196,69,bear,"A bear colored rgb(208, 196, 69)."
232,Greenish yellow,208,196,69,banana,"A photo of a banana in color rgb(208, 196, 69)."
233,Greenish yellow,208,196,69,microwave,"A microwave colored rgb(208, 196, 69)."
234,Greenish yellow,208,196,69,fan,"A realistic fan in rgb(208, 196, 69)."
235,Greenish yellow,208,196,69,minivan,"A minivan colored rgb(208, 196, 69)."
236,Greenish yellow,208,196,69,bus,"A photo of a bus in color rgb(208, 196, 69)."
237,Greenish yellow,208,196,69,papaya,"A papaya rendered in RGB color rgb(208, 196, 69)."
238,Greenish yellow,208,196,69,mango,"A mango in rgb(208, 196, 69)."
239,Greenish yellow,208,196,69,clock,"A clock with the color rgb(208, 196, 69)."
240,Greenish yellow,208,196,69,mug,"A mug colored rgb(208, 196, 69)."
241,Olive,114,103,44,umbrella,"A realistic umbrella in rgb(114, 103, 44)."
242,Olive,114,103,44,cow,"A realistic cow in rgb(114, 103, 44)."
243,Olive,114,103,44,duck,"A duck with color rgb(114, 103, 44)."
244,Olive,114,103,44,desk,"A photo of a desk in color rgb(114, 103, 44)."
245,Olive,114,103,44,orange,"A orange with color rgb(114, 103, 44)."
246,Olive,114,103,44,jeans,"A realistic jeans in rgb(114, 103, 44)."
247,Olive,114,103,44,sports ball,"A photo of a sports ball in color rgb(114, 103, 44)."
248,Olive,114,103,44,clock,"A clock with color rgb(114, 103, 44)."
249,Olive,114,103,44,ruler,"A realistic ruler in rgb(114, 103, 44)."
250,Olive,114,103,44,chair,"A chair with the color rgb(114, 103, 44)."
251,Olive,114,103,44,socks,"A socks with color rgb(114, 103, 44)."
252,Olive,114,103,44,iron,"A photo of a iron in color rgb(114, 103, 44)."
253,Olive,114,103,44,remote,"A remote with color rgb(114, 103, 44)."
254,Olive,114,103,44,teapot,"An image of a teapot in rgb(114, 103, 44)."
255,Olive,114,103,44,wardrobe,"An image of a wardrobe in rgb(114, 103, 44)."
256,Olive,114,103,44,papaya,"A papaya with the color rgb(114, 103, 44)."
257,Olive,114,103,44,boxing glove,"A boxing glove rendered in RGB color rgb(114, 103, 44)."
258,Olive,114,103,44,baseball bat,"A baseball bat rendered in RGB color rgb(114, 103, 44)."
259,Olive,114,103,44,fan,"A photo of a fan in color rgb(114, 103, 44)."
260,Olive,114,103,44,banana,"A banana colored rgb(114, 103, 44)."
261,Yellow green,160,194,69,sponge,"A realistic sponge in rgb(160, 194, 69)."
262,Yellow green,160,194,69,elephant,"A elephant in rgb(160, 194, 69)."
263,Yellow green,160,194,69,suitcase,"An image of a suitcase in rgb(160, 194, 69)."
264,Yellow green,160,194,69,apple,"A apple with color rgb(160, 194, 69)."
265,Yellow green,160,194,69,papaya,"A papaya colored rgb(160, 194, 69)."
266,Yellow green,160,194,69,snowboard,"A snowboard colored rgb(160, 194, 69)."
267,Yellow green,160,194,69,minivan,"A photo of a minivan in color rgb(160, 194, 69)."
268,Yellow green,160,194,69,parrot,"A realistic parrot in rgb(160, 194, 69)."
269,Yellow green,160,194,69,desk,"A photo of a desk in color rgb(160, 194, 69)."
270,Yellow green,160,194,69,boxing glove,"A boxing glove with color rgb(160, 194, 69)."
271,Yellow green,160,194,69,orange,"A orange colored rgb(160, 194, 69)."
272,Yellow green,160,194,69,iron,"A realistic iron in rgb(160, 194, 69)."
273,Yellow green,160,194,69,sweatshirt,"A sweatshirt in rgb(160, 194, 69)."
274,Yellow green,160,194,69,mango,"A mango colored rgb(160, 194, 69)."
275,Yellow green,160,194,69,vehicle,"An image of a vehicle in rgb(160, 194, 69)."
276,Yellow green,160,194,69,wardrobe,"A wardrobe colored rgb(160, 194, 69)."
277,Yellow green,160,194,69,teapot,"A teapot rendered in RGB color rgb(160, 194, 69)."
278,Yellow green,160,194,69,crocodile,"A realistic crocodile in rgb(160, 194, 69)."
279,Yellow green,160,194,69,microwave,"A microwave rendered in RGB color rgb(160, 194, 69)."
280,Yellow green,160,194,69,tie,"A tie in rgb(160, 194, 69)."
281,Olive green,62,80,31,guava,"A guava with color rgb(62, 80, 31)."
282,Olive green,62,80,31,socks,"A socks colored rgb(62, 80, 31)."
283,Olive green,62,80,31,sweatshirt,"A sweatshirt with color rgb(62, 80, 31)."
284,Olive green,62,80,31,ruler,"A ruler with the color rgb(62, 80, 31)."
285,Olive green,62,80,31,vehicle,"A realistic vehicle in rgb(62, 80, 31)."
286,Olive green,62,80,31,banana,"A banana in rgb(62, 80, 31)."
287,Olive green,62,80,31,wardrobe,"A wardrobe in rgb(62, 80, 31)."
288,Olive green,62,80,31,chair,"An image of a chair in rgb(62, 80, 31)."
289,Olive green,62,80,31,desk,"A photo of a desk in color rgb(62, 80, 31)."
290,Olive green,62,80,31,cow,"A cow with the color rgb(62, 80, 31)."
291,Olive green,62,80,31,orange,"A orange in rgb(62, 80, 31)."
292,Olive green,62,80,31,skateboard,"A skateboard in rgb(62, 80, 31)."
293,Olive green,62,80,31,mango,"A photo of a mango in color rgb(62, 80, 31)."
294,Olive green,62,80,31,remote,"A photo of a remote in color rgb(62, 80, 31)."
295,Olive green,62,80,31,suitcase,"A suitcase in rgb(62, 80, 31)."
296,Olive green,62,80,31,umbrella,"A umbrella rendered in RGB color rgb(62, 80, 31)."
297,Olive green,62,80,31,bear,"A photo of a bear in color rgb(62, 80, 31)."
298,Olive green,62,80,31,sponge,"A sponge rendered in RGB color rgb(62, 80, 31)."
299,Olive green,62,80,31,duck,"A realistic duck in rgb(62, 80, 31)."
300,Olive green,62,80,31,tie,"A tie with the color rgb(62, 80, 31)."
301,Yellowish green,74,195,77,sweatshirt,"A photo of a sweatshirt in color rgb(74, 195, 77)."
302,Yellowish green,74,195,77,suitcase,"A suitcase with the color rgb(74, 195, 77)."
303,Yellowish green,74,195,77,desk,"A desk with color rgb(74, 195, 77)."
304,Yellowish green,74,195,77,skateboard,"A skateboard with the color rgb(74, 195, 77)."
305,Yellowish green,74,195,77,taxi,"A taxi in rgb(74, 195, 77)."
306,Yellowish green,74,195,77,bear,"An image of a bear in rgb(74, 195, 77)."
307,Yellowish green,74,195,77,pants,"A pants colored rgb(74, 195, 77)."
308,Yellowish green,74,195,77,football helmet,"An image of a football helmet in rgb(74, 195, 77)."
309,Yellowish green,74,195,77,clock,"A clock with the color rgb(74, 195, 77)."
310,Yellowish green,74,195,77,boxing glove,"An image of a boxing glove in rgb(74, 195, 77)."
311,Yellowish green,74,195,77,oven,"A oven in rgb(74, 195, 77)."
312,Yellowish green,74,195,77,couch,"A couch colored rgb(74, 195, 77)."
313,Yellowish green,74,195,77,vehicle,"A realistic vehicle in rgb(74, 195, 77)."
314,Yellowish green,74,195,77,jeans,"A jeans with the color rgb(74, 195, 77)."
315,Yellowish green,74,195,77,mango,"A mango colored rgb(74, 195, 77)."
316,Yellowish green,74,195,77,tie,"An image of a tie in rgb(74, 195, 77)."
317,Yellowish green,74,195,77,sports car,"A realistic sports car in rgb(74, 195, 77)."
318,Yellowish green,74,195,77,parrot,"A parrot rendered in RGB color rgb(74, 195, 77)."
319,Yellowish green,74,195,77,bus,"A bus colored rgb(74, 195, 77)."
320,Yellowish green,74,195,77,microwave,"A microwave rendered in RGB color rgb(74, 195, 77)."
321,Green,79,191,154,duck,"A duck colored rgb(79, 191, 154)."
322,Green,79,191,154,snowboard,"An image of a snowboard in rgb(79, 191, 154)."
323,Green,79,191,154,baseball bat,"A baseball bat in rgb(79, 191, 154)."
324,Green,79,191,154,football helmet,"A realistic football helmet in rgb(79, 191, 154)."
325,Green,79,191,154,parrot,"An image of a parrot in rgb(79, 191, 154)."
326,Green,79,191,154,candle,"A candle rendered in RGB color rgb(79, 191, 154)."
327,Green,79,191,154,desk,"A realistic desk in rgb(79, 191, 154)."
328,Green,79,191,154,wardrobe,"A photo of a wardrobe in color rgb(79, 191, 154)."
329,Green,79,191,154,socks,"An image of a socks in rgb(79, 191, 154)."
330,Green,79,191,154,iron,"A iron with color rgb(79, 191, 154)."
331,Green,79,191,154,remote,"An image of a remote in rgb(79, 191, 154)."
332,Green,79,191,154,sports ball,"A sports ball with color rgb(79, 191, 154)."
333,Green,79,191,154,banana,"A banana with color rgb(79, 191, 154)."
334,Green,79,191,154,sweatshirt,"A sweatshirt in rgb(79, 191, 154)."
335,Green,79,191,154,teapot,"A photo of a teapot in color rgb(79, 191, 154)."
336,Green,79,191,154,clock,"A clock with the color rgb(79, 191, 154)."
337,Green,79,191,154,mango,"A photo of a mango in color rgb(79, 191, 154)."
338,Green,79,191,154,umbrella,"A umbrella colored rgb(79, 191, 154)."
339,Green,79,191,154,microwave,"A realistic microwave in rgb(79, 191, 154)."
340,Green,79,191,154,oven,"A photo of a oven in color rgb(79, 191, 154)."
341,Bluish green,67,189,184,sponge,"A realistic sponge in rgb(67, 189, 184)."
342,Bluish green,67,189,184,candle,"A candle with color rgb(67, 189, 184)."
343,Bluish green,67,189,184,snowboard,"A snowboard with color rgb(67, 189, 184)."
344,Bluish green,67,189,184,mug,"A mug with color rgb(67, 189, 184)."
345,Bluish green,67,189,184,teapot,"A photo of a teapot in color rgb(67, 189, 184)."
346,Bluish green,67,189,184,vehicle,"A vehicle with the color rgb(67, 189, 184)."
347,Bluish green,67,189,184,banana,"A photo of a banana in color rgb(67, 189, 184)."
348,Bluish green,67,189,184,microwave,"An image of a microwave in rgb(67, 189, 184)."
349,Bluish green,67,189,184,umbrella,"A umbrella with the color rgb(67, 189, 184)."
350,Bluish green,67,189,184,guava,"A guava rendered in RGB color rgb(67, 189, 184)."
351,Bluish green,67,189,184,sports ball,"A photo of a sports ball in color rgb(67, 189, 184)."
352,Bluish green,67,189,184,oven,"A photo of a oven in color rgb(67, 189, 184)."
353,Bluish green,67,189,184,taxi,"A realistic taxi in rgb(67, 189, 184)."
354,Bluish green,67,189,184,fan,"A fan with color rgb(67, 189, 184)."
355,Bluish green,67,189,184,sports car,"A sports car with color rgb(67, 189, 184)."
356,Bluish green,67,189,184,suitcase,"A suitcase with the color rgb(67, 189, 184)."
357,Bluish green,67,189,184,duck,"A photo of a duck in color rgb(67, 189, 184)."
358,Bluish green,67,189,184,baseball bat,"A baseball bat with color rgb(67, 189, 184)."
359,Bluish green,67,189,184,bear,"A photo of a bear in color rgb(67, 189, 184)."
360,Bluish green,67,189,184,cow,"An image of a cow in rgb(67, 189, 184)."
361,Greenish blue,62,166,198,cow,"A cow in rgb(62, 166, 198)."
362,Greenish blue,62,166,198,oven,"A oven with color rgb(62, 166, 198)."
363,Greenish blue,62,166,198,bicycle,"A realistic bicycle in rgb(62, 166, 198)."
364,Greenish blue,62,166,198,parrot,"A parrot with the color rgb(62, 166, 198)."
365,Greenish blue,62,166,198,chair,"A chair with the color rgb(62, 166, 198)."
366,Greenish blue,62,166,198,baseball bat,"A baseball bat colored rgb(62, 166, 198)."
367,Greenish blue,62,166,198,bus,"A realistic bus in rgb(62, 166, 198)."
368,Greenish blue,62,166,198,orange,"A orange with the color rgb(62, 166, 198)."
369,Greenish blue,62,166,198,jeans,"A jeans in rgb(62, 166, 198)."
370,Greenish blue,62,166,198,microwave,"A microwave rendered in RGB color rgb(62, 166, 198)."
371,Greenish blue,62,166,198,snowboard,"A snowboard rendered in RGB color rgb(62, 166, 198)."
372,Greenish blue,62,166,198,mug,"A mug with color rgb(62, 166, 198)."
373,Greenish blue,62,166,198,couch,"A couch with the color rgb(62, 166, 198)."
374,Greenish blue,62,166,198,iron,"A photo of a iron in color rgb(62, 166, 198)."
375,Greenish blue,62,166,198,sweatshirt,"A sweatshirt with the color rgb(62, 166, 198)."
376,Greenish blue,62,166,198,sports ball,"A sports ball colored rgb(62, 166, 198)."
377,Greenish blue,62,166,198,candle,"A photo of a candle in color rgb(62, 166, 198)."
378,Greenish blue,62,166,198,umbrella,"A umbrella colored rgb(62, 166, 198)."
379,Greenish blue,62,166,198,bear,"A realistic bear in rgb(62, 166, 198)."
380,Greenish blue,62,166,198,banana,"A realistic banana in rgb(62, 166, 198)."
381,Blue,59,116,192,oven,"A realistic oven in rgb(59, 116, 192)."
382,Blue,59,116,192,socks,"A realistic socks in rgb(59, 116, 192)."
383,Blue,59,116,192,wardrobe,"A wardrobe with color rgb(59, 116, 192)."
384,Blue,59,116,192,fan,"A fan in rgb(59, 116, 192)."
385,Blue,59,116,192,sweatshirt,"A photo of a sweatshirt in color rgb(59, 116, 192)."
386,Blue,59,116,192,football helmet,"A football helmet with color rgb(59, 116, 192)."
387,Blue,59,116,192,orange,"A orange with color rgb(59, 116, 192)."
388,Blue,59,116,192,couch,"A realistic couch in rgb(59, 116, 192)."
389,Blue,59,116,192,suitcase,"A suitcase with the color rgb(59, 116, 192)."
390,Blue,59,116,192,sponge,"A photo of a sponge in color rgb(59, 116, 192)."
391,Blue,59,116,192,skateboard,"A skateboard with color rgb(59, 116, 192)."
392,Blue,59,116,192,banana,"A photo of a banana in color rgb(59, 116, 192)."
393,Blue,59,116,192,bear,"A bear colored rgb(59, 116, 192)."
394,Blue,59,116,192,sports ball,"A sports ball with the color rgb(59, 116, 192)."
395,Blue,59,116,192,cow,"A photo of a cow in color rgb(59, 116, 192)."
396,Blue,59,116,192,baseball bat,"A baseball bat rendered in RGB color rgb(59, 116, 192)."
397,Blue,59,116,192,bus,"A bus with color rgb(59, 116, 192)."
398,Blue,59,116,192,parrot,"A parrot rendered in RGB color rgb(59, 116, 192)."
399,Blue,59,116,192,bicycle,"A bicycle with the color rgb(59, 116, 192)."
400,Blue,59,116,192,snowboard,"A snowboard in rgb(59, 116, 192)."
401,Purplish blue,79,71,198,bear,"An image of a bear in rgb(79, 71, 198)."
402,Purplish blue,79,71,198,oven,"A oven with color rgb(79, 71, 198)."
403,Purplish blue,79,71,198,pants,"A pants in rgb(79, 71, 198)."
404,Purplish blue,79,71,198,sweatshirt,"A sweatshirt with the color rgb(79, 71, 198)."
405,Purplish blue,79,71,198,microwave,"A photo of a microwave in color rgb(79, 71, 198)."
406,Purplish blue,79,71,198,teapot,"A teapot in rgb(79, 71, 198)."
407,Purplish blue,79,71,198,clock,"A clock with color rgb(79, 71, 198)."
408,Purplish blue,79,71,198,desk,"A desk in rgb(79, 71, 198)."
409,Purplish blue,79,71,198,sponge,"A sponge rendered in RGB color rgb(79, 71, 198)."
410,Purplish blue,79,71,198,guava,"A realistic guava in rgb(79, 71, 198)."
411,Purplish blue,79,71,198,baseball bat,"A realistic baseball bat in rgb(79, 71, 198)."
412,Purplish blue,79,71,198,crocodile,"A crocodile with color rgb(79, 71, 198)."
413,Purplish blue,79,71,198,mug,"A mug rendered in RGB color rgb(79, 71, 198)."
414,Purplish blue,79,71,198,boxing glove,"A boxing glove colored rgb(79, 71, 198)."
415,Purplish blue,79,71,198,banana,"A realistic banana in rgb(79, 71, 198)."
416,Purplish blue,79,71,198,socks,"A socks with the color rgb(79, 71, 198)."
417,Purplish blue,79,71,198,vehicle,"A realistic vehicle in rgb(79, 71, 198)."
418,Purplish blue,79,71,198,parrot,"An image of a parrot in rgb(79, 71, 198)."
419,Purplish blue,79,71,198,suitcase,"A suitcase colored rgb(79, 71, 198)."
420,Purplish blue,79,71,198,taxi,"An image of a taxi in rgb(79, 71, 198)."
421,Violet,120,66,197,remote,"A remote in rgb(120, 66, 197)."
422,Violet,120,66,197,ruler,"A realistic ruler in rgb(120, 66, 197)."
423,Violet,120,66,197,couch,"A couch colored rgb(120, 66, 197)."
424,Violet,120,66,197,bear,"A bear in rgb(120, 66, 197)."
425,Violet,120,66,197,minivan,"A photo of a minivan in color rgb(120, 66, 197)."
426,Violet,120,66,197,papaya,"An image of a papaya in rgb(120, 66, 197)."
427,Violet,120,66,197,mug,"A realistic mug in rgb(120, 66, 197)."
428,Violet,120,66,197,microwave,"A realistic microwave in rgb(120, 66, 197)."
429,Violet,120,66,197,guava,"A guava in rgb(120, 66, 197)."
430,Violet,120,66,197,jeans,"A photo of a jeans in color rgb(120, 66, 197)."
431,Violet,120,66,197,bus,"A bus with color rgb(120, 66, 197)."
432,Violet,120,66,197,desk,"A desk rendered in RGB color rgb(120, 66, 197)."
433,Violet,120,66,197,banana,"A banana with color rgb(120, 66, 197)."
434,Violet,120,66,197,fan,"A realistic fan in rgb(120, 66, 197)."
435,Violet,120,66,197,skateboard,"A realistic skateboard in rgb(120, 66, 197)."
436,Violet,120,66,197,sponge,"A sponge with the color rgb(120, 66, 197)."
437,Violet,120,66,197,orange,"A orange in rgb(120, 66, 197)."
438,Violet,120,66,197,mango,"A photo of a mango in color rgb(120, 66, 197)."
439,Violet,120,66,197,tie,"A tie rendered in RGB color rgb(120, 66, 197)."
440,Violet,120,66,197,football helmet,"A football helmet with color rgb(120, 66, 197)."
441,Purple,172,74,195,jeans,"A jeans rendered in RGB color rgb(172, 74, 195)."
442,Purple,172,74,195,bicycle,"A bicycle colored rgb(172, 74, 195)."
443,Purple,172,74,195,fan,"A photo of a fan in color rgb(172, 74, 195)."
444,Purple,172,74,195,papaya,"A papaya rendered in RGB color rgb(172, 74, 195)."
445,Purple,172,74,195,banana,"A banana with the color rgb(172, 74, 195)."
446,Purple,172,74,195,umbrella,"A umbrella with color rgb(172, 74, 195)."
447,Purple,172,74,195,clock,"A clock colored rgb(172, 74, 195)."
448,Purple,172,74,195,desk,"An image of a desk in rgb(172, 74, 195)."
449,Purple,172,74,195,football helmet,"A football helmet with color rgb(172, 74, 195)."
450,Purple,172,74,195,elephant,"A elephant in rgb(172, 74, 195)."
451,Purple,172,74,195,mug,"A mug with color rgb(172, 74, 195)."
452,Purple,172,74,195,microwave,"A microwave with color rgb(172, 74, 195)."
453,Purple,172,74,195,crocodile,"A realistic crocodile in rgb(172, 74, 195)."
454,Purple,172,74,195,baseball bat,"A baseball bat rendered in RGB color rgb(172, 74, 195)."
455,Purple,172,74,195,ruler,"A realistic ruler in rgb(172, 74, 195)."
456,Purple,172,74,195,iron,"A realistic iron in rgb(172, 74, 195)."
457,Purple,172,74,195,sports ball,"An image of a sports ball in rgb(172, 74, 195)."
458,Purple,172,74,195,pants,"An image of a pants in rgb(172, 74, 195)."
459,Purple,172,74,195,socks,"A socks colored rgb(172, 74, 195)."
460,Purple,172,74,195,boxing glove,"A realistic boxing glove in rgb(172, 74, 195)."
461,Reddish purple,187,48,164,remote,"A realistic remote in rgb(187, 48, 164)."
462,Reddish purple,187,48,164,tie,"A tie with the color rgb(187, 48, 164)."
463,Reddish purple,187,48,164,sports ball,"A realistic sports ball in rgb(187, 48, 164)."
464,Reddish purple,187,48,164,sweatshirt,"A sweatshirt in rgb(187, 48, 164)."
465,Reddish purple,187,48,164,mango,"A mango rendered in RGB color rgb(187, 48, 164)."
466,Reddish purple,187,48,164,umbrella,"A umbrella colored rgb(187, 48, 164)."
467,Reddish purple,187,48,164,papaya,"A papaya rendered in RGB color rgb(187, 48, 164)."
468,Reddish purple,187,48,164,bus,"A bus with the color rgb(187, 48, 164)."
469,Reddish purple,187,48,164,fan,"A realistic fan in rgb(187, 48, 164)."
470,Reddish purple,187,48,164,candle,"A candle with color rgb(187, 48, 164)."
471,Reddish purple,187,48,164,snowboard,"An image of a snowboard in rgb(187, 48, 164)."
472,Reddish purple,187,48,164,jeans,"A jeans colored rgb(187, 48, 164)."
473,Reddish purple,187,48,164,elephant,"A elephant with the color rgb(187, 48, 164)."
474,Reddish purple,187,48,164,mug,"An image of a mug in rgb(187, 48, 164)."
475,Reddish purple,187,48,164,pants,"A pants colored rgb(187, 48, 164)."
476,Reddish purple,187,48,164,apple,"An image of a apple in rgb(187, 48, 164)."
477,Reddish purple,187,48,164,skateboard,"A realistic skateboard in rgb(187, 48, 164)."
478,Reddish purple,187,48,164,microwave,"A microwave in rgb(187, 48, 164)."
479,Reddish purple,187,48,164,bear,"A bear with the color rgb(187, 48, 164)."
480,Reddish purple,187,48,164,orange,"A photo of a orange in color rgb(187, 48, 164)."
481,Purplish pink,229,137,191,boxing glove,"A photo of a boxing glove in color rgb(229, 137, 191)."
482,Purplish pink,229,137,191,iron,"A iron colored rgb(229, 137, 191)."
483,Purplish pink,229,137,191,microwave,"A microwave rendered in RGB color rgb(229, 137, 191)."
484,Purplish pink,229,137,191,umbrella,"A umbrella rendered in RGB color rgb(229, 137, 191)."
485,Purplish pink,229,137,191,banana,"A banana rendered in RGB color rgb(229, 137, 191)."
486,Purplish pink,229,137,191,wardrobe,"A wardrobe with the color rgb(229, 137, 191)."
487,Purplish pink,229,137,191,couch,"A couch colored rgb(229, 137, 191)."
488,Purplish pink,229,137,191,football helmet,"A photo of a football helmet in color rgb(229, 137, 191)."
489,Purplish pink,229,137,191,teapot,"A realistic teapot in rgb(229, 137, 191)."
490,Purplish pink,229,137,191,bear,"A bear rendered in RGB color rgb(229, 137, 191)."
491,Purplish pink,229,137,191,oven,"A photo of a oven in color rgb(229, 137, 191)."
492,Purplish pink,229,137,191,vehicle,"A realistic vehicle in rgb(229, 137, 191)."
493,Purplish pink,229,137,191,bus,"A bus with color rgb(229, 137, 191)."
494,Purplish pink,229,137,191,remote,"A realistic remote in rgb(229, 137, 191)."
495,Purplish pink,229,137,191,orange,"A orange with color rgb(229, 137, 191)."
496,Purplish pink,229,137,191,elephant,"A elephant in rgb(229, 137, 191)."
497,Purplish pink,229,137,191,cow,"A realistic cow in rgb(229, 137, 191)."
498,Purplish pink,229,137,191,desk,"A desk with color rgb(229, 137, 191)."
499,Purplish pink,229,137,191,suitcase,"A suitcase rendered in RGB color rgb(229, 137, 191)."
500,Purplish pink,229,137,191,apple,"A apple with the color rgb(229, 137, 191)."
501,Purplish red,186,43,119,teapot,"A teapot with color rgb(186, 43, 119)."
502,Purplish red,186,43,119,sports car,"A sports car in rgb(186, 43, 119)."
503,Purplish red,186,43,119,socks,"A socks colored rgb(186, 43, 119)."
504,Purplish red,186,43,119,oven,"A oven with color rgb(186, 43, 119)."
505,Purplish red,186,43,119,boxing glove,"A boxing glove in rgb(186, 43, 119)."
506,Purplish red,186,43,119,wardrobe,"A wardrobe in rgb(186, 43, 119)."
507,Purplish red,186,43,119,skateboard,"A realistic skateboard in rgb(186, 43, 119)."
508,Purplish red,186,43,119,desk,"A desk with color rgb(186, 43, 119)."
509,Purplish red,186,43,119,ruler,"A photo of a ruler in color rgb(186, 43, 119)."
510,Purplish red,186,43,119,tie,"An image of a tie in rgb(186, 43, 119)."
511,Purplish red,186,43,119,mango,"A photo of a mango in color rgb(186, 43, 119)."
512,Purplish red,186,43,119,candle,"A photo of a candle in color rgb(186, 43, 119)."
513,Purplish red,186,43,119,couch,"A couch with color rgb(186, 43, 119)."
514,Purplish red,186,43,119,sports ball,"A sports ball rendered in RGB color rgb(186, 43, 119)."
515,Purplish red,186,43,119,jeans,"A jeans with the color rgb(186, 43, 119)."
516,Purplish red,186,43,119,microwave,"A microwave in rgb(186, 43, 119)."
517,Purplish red,186,43,119,cow,"A cow with color rgb(186, 43, 119)."
518,Purplish red,186,43,119,parrot,"A realistic parrot in rgb(186, 43, 119)."
519,Purplish red,186,43,119,elephant,"A elephant in rgb(186, 43, 119)."
520,Purplish red,186,43,119,sponge,"An image of a sponge in rgb(186, 43, 119)."
521,White,231,225,233,chair,"An image of a chair in rgb(231, 225, 233)."
522,White,231,225,233,banana,"A banana with the color rgb(231, 225, 233)."
523,White,231,225,233,microwave,"A realistic microwave in rgb(231, 225, 233)."
524,White,231,225,233,remote,"A remote with the color rgb(231, 225, 233)."
525,White,231,225,233,papaya,"A papaya rendered in RGB color rgb(231, 225, 233)."
526,White,231,225,233,cow,"A photo of a cow in color rgb(231, 225, 233)."
527,White,231,225,233,tie,"A tie colored rgb(231, 225, 233)."
528,White,231,225,233,fan,"An image of a fan in rgb(231, 225, 233)."
529,White,231,225,233,parrot,"A parrot with the color rgb(231, 225, 233)."
530,White,231,225,233,taxi,"A taxi colored rgb(231, 225, 233)."
531,White,231,225,233,duck,"A duck in rgb(231, 225, 233)."
532,White,231,225,233,crocodile,"A crocodile with color rgb(231, 225, 233)."
533,White,231,225,233,baseball bat,"A baseball bat with the color rgb(231, 225, 233)."
534,White,231,225,233,bear,"A realistic bear in rgb(231, 225, 233)."
535,White,231,225,233,skateboard,"An image of a skateboard in rgb(231, 225, 233)."
536,White,231,225,233,desk,"A desk with color rgb(231, 225, 233)."
537,White,231,225,233,snowboard,"A snowboard colored rgb(231, 225, 233)."
538,White,231,225,233,sports ball,"An image of a sports ball in rgb(231, 225, 233)."
539,White,231,225,233,guava,"A guava with the color rgb(231, 225, 233)."
540,White,231,225,233,elephant,"A photo of a elephant in color rgb(231, 225, 233)."
541,Gray,147,142,147,candle,"A candle rendered in RGB color rgb(147, 142, 147)."
542,Gray,147,142,147,vehicle,"A vehicle colored rgb(147, 142, 147)."
543,Gray,147,142,147,football helmet,"A realistic football helmet in rgb(147, 142, 147)."
544,Gray,147,142,147,jeans,"An image of a jeans in rgb(147, 142, 147)."
545,Gray,147,142,147,remote,"A remote colored rgb(147, 142, 147)."
546,Gray,147,142,147,iron,"A iron rendered in RGB color rgb(147, 142, 147)."
547,Gray,147,142,147,umbrella,"A umbrella colored rgb(147, 142, 147)."
548,Gray,147,142,147,apple,"A apple with the color rgb(147, 142, 147)."
549,Gray,147,142,147,desk,"A realistic desk in rgb(147, 142, 147)."
550,Gray,147,142,147,oven,"A oven colored rgb(147, 142, 147)."
551,Gray,147,142,147,papaya,"A papaya with color rgb(147, 142, 147)."
552,Gray,147,142,147,clock,"A clock in rgb(147, 142, 147)."
553,Gray,147,142,147,chair,"An image of a chair in rgb(147, 142, 147)."
554,Gray,147,142,147,bus,"A photo of a bus in color rgb(147, 142, 147)."
555,Gray,147,142,147,crocodile,"A realistic crocodile in rgb(147, 142, 147)."
556,Gray,147,142,147,elephant,"A realistic elephant in rgb(147, 142, 147)."
557,Gray,147,142,147,sports ball,"A photo of a sports ball in color rgb(147, 142, 147)."
558,Gray,147,142,147,orange,"An image of a orange in rgb(147, 142, 147)."
559,Gray,147,142,147,teapot,"A teapot with the color rgb(147, 142, 147)."
560,Gray,147,142,147,parrot,"An image of a parrot in rgb(147, 142, 147)."
561,Black,43,41,43,parrot,"A photo of a parrot in color rgb(43, 41, 43)."
562,Black,43,41,43,snowboard,"A photo of a snowboard in color rgb(43, 41, 43)."
563,Black,43,41,43,sports car,"A photo of a sports car in color rgb(43, 41, 43)."
564,Black,43,41,43,orange,"An image of a orange in rgb(43, 41, 43)."
565,Black,43,41,43,guava,"A guava rendered in RGB color rgb(43, 41, 43)."
566,Black,43,41,43,baseball bat,"A baseball bat in rgb(43, 41, 43)."
567,Black,43,41,43,tie,"A tie with color rgb(43, 41, 43)."
568,Black,43,41,43,clock,"A clock rendered in RGB color rgb(43, 41, 43)."
569,Black,43,41,43,desk,"A desk rendered in RGB color rgb(43, 41, 43)."
570,Black,43,41,43,banana,"A banana with color rgb(43, 41, 43)."
571,Black,43,41,43,suitcase,"A suitcase rendered in RGB color rgb(43, 41, 43)."
572,Black,43,41,43,vehicle,"A vehicle with the color rgb(43, 41, 43)."
573,Black,43,41,43,ruler,"A ruler in rgb(43, 41, 43)."
574,Black,43,41,43,minivan,"A minivan rendered in RGB color rgb(43, 41, 43)."
575,Black,43,41,43,sports ball,"A sports ball in rgb(43, 41, 43)."
576,Black,43,41,43,apple,"An image of a apple in rgb(43, 41, 43)."
577,Black,43,41,43,sponge,"A photo of a sponge in color rgb(43, 41, 43)."
578,Black,43,41,43,microwave,"An image of a microwave in rgb(43, 41, 43)."
579,Black,43,41,43,couch,"A couch in rgb(43, 41, 43)."
580,Black,43,41,43,bus,"A bus rendered in RGB color rgb(43, 41, 43)."
